motif_ID	motif_ALT_ID	motif_Score	seq_ID	seq_Score	seq_Class	is_holdout?
1-AATCCTAAGAGNT	STREME-1	3.9e-008	evm.TU.HIC_ASM_1.503	20.38	tp	0
1-AATCCTAAGAGNT	STREME-1	3.9e-008	evm.TU.HIC_ASM_18.917	20.32	tp	0
1-AATCCTAAGAGNT	STREME-1	3.9e-008	evm.TU.HIC_ASM_4.561	19.14	tp	0
1-AATCCTAAGAGNT	STREME-1	3.9e-008	evm.TU.HIC_ASM_6.2283	17.41	tp	0
1-AATCCTAAGAGNT	STREME-1	3.9e-008	evm.TU.HIC_ASM_7.58	17.25	tp	0
1-AATCCTAAGAGNT	STREME-1	3.9e-008	evm.TU.HIC_ASM_2.236	17.17	tp	0
1-AATCCTAAGAGNT	STREME-1	3.9e-008	evm.TU.HIC_ASM_16.539	17.04	tp	0
1-AATCCTAAGAGNT	STREME-1	3.9e-008	evm.TU.HIC_ASM_6.1219	16.64	tp	0
1-AATCCTAAGAGNT	STREME-1	3.9e-008	evm.TU.HIC_ASM_2.722	16.46	tp	0
1-AATCCTAAGAGNT	STREME-1	3.9e-008	evm.TU.HIC_ASM_5.885	16.16	tp	0
1-AATCCTAAGAGNT	STREME-1	3.9e-008	evm.TU.HIC_ASM_16.329	15.90	tp	0
#
2-CTTCGAAGCATTGA	STREME-2	3.9e-008	evm.TU.HIC_ASM_6.3887	24.24	tp	0
2-CTTCGAAGCATTGA	STREME-2	3.9e-008	evm.TU.HIC_ASM_2.236	20.27	tp	0
2-CTTCGAAGCATTGA	STREME-2	3.9e-008	evm.TU.HIC_ASM_7.58	19.93	tp	0
2-CTTCGAAGCATTGA	STREME-2	3.9e-008	evm.TU.HIC_ASM_2.722	19.37	tp	0
2-CTTCGAAGCATTGA	STREME-2	3.9e-008	evm.TU.ORIGINAL_484__FRAGMENT_1.7	18.82	tp	0
2-CTTCGAAGCATTGA	STREME-2	3.9e-008	evm.TU.HIC_ASM_0.243	18.58	tp	0
2-CTTCGAAGCATTGA	STREME-2	3.9e-008	evm.TU.HIC_ASM_5.186	17.87	tp	0
2-CTTCGAAGCATTGA	STREME-2	3.9e-008	evm.TU.HIC_ASM_3.411	17.79	tp	0
2-CTTCGAAGCATTGA	STREME-2	3.9e-008	evm.TU.HIC_ASM_1.565	16.13	tp	0
2-CTTCGAAGCATTGA	STREME-2	3.9e-008	evm.TU.HIC_ASM_14.1066	16.08	tp	0
2-CTTCGAAGCATTGA	STREME-2	3.9e-008	evm.TU.ORIGINAL_268.4	15.88	tp	0
#
3-AACTGAGAAAT	STREME-3	4.1e-006	evm.TU.HIC_ASM_1.1026	18.82	tp	0
3-AACTGAGAAAT	STREME-3	4.1e-006	evm.TU.HIC_ASM_16.539	18.82	tp	0
3-AACTGAGAAAT	STREME-3	4.1e-006	evm.TU.HIC_ASM_18.917	18.82	tp	0
3-AACTGAGAAAT	STREME-3	4.1e-006	evm.TU.HIC_ASM_7.58	18.82	tp	0
3-AACTGAGAAAT	STREME-3	4.1e-006	evm.TU.HIC_ASM_7.166	14.58	tp	0
3-AACTGAGAAAT	STREME-3	4.1e-006	evm.TU.HIC_ASM_12.1126	14.39	tp	0
3-AACTGAGAAAT	STREME-3	4.1e-006	evm.TU.HIC_ASM_18.1158	14.27	tp	0
3-AACTGAGAAAT	STREME-3	4.1e-006	evm.TU.HIC_ASM_3.411	13.89	tp	0
#
4-GCTGCACCAA	STREME-4	4.1e-006	evm.TU.HIC_ASM_1.1026	18.92	tp	0
4-GCTGCACCAA	STREME-4	4.1e-006	evm.TU.HIC_ASM_10.491	17.79	tp	0
4-GCTGCACCAA	STREME-4	4.1e-006	evm.TU.HIC_ASM_14.485	17.79	tp	0
4-GCTGCACCAA	STREME-4	4.1e-006	evm.TU.HIC_ASM_3.411	17.73	tp	0
4-GCTGCACCAA	STREME-4	4.1e-006	evm.TU.HIC_ASM_2.236	17.73	tp	0
4-GCTGCACCAA	STREME-4	4.1e-006	evm.TU.HIC_ASM_4.561	16.60	tp	0
4-GCTGCACCAA	STREME-4	4.1e-006	evm.TU.HIC_ASM_7.166	16.57	tp	0
4-GCTGCACCAA	STREME-4	4.1e-006	evm.TU.HIC_ASM_18.917	16.36	tp	0
#
5-AAACAAATACATGT	STREME-5	1.9e-005	evm.TU.HIC_ASM_12.1126	22.79	tp	0
5-AAACAAATACATGT	STREME-5	1.9e-005	evm.TU.HIC_ASM_2.236	22.79	tp	0
5-AAACAAATACATGT	STREME-5	1.9e-005	evm.TU.HIC_ASM_15.1637	21.69	tp	0
5-AAACAAATACATGT	STREME-5	1.9e-005	evm.TU.HIC_ASM_2.722	21.45	tp	0
5-AAACAAATACATGT	STREME-5	1.9e-005	evm.TU.HIC_ASM_15.1935	20.05	tp	0
5-AAACAAATACATGT	STREME-5	1.9e-005	evm.TU.HIC_ASM_3.411	19.85	tp	0
5-AAACAAATACATGT	STREME-5	1.9e-005	evm.TU.HIC_ASM_6.1507	19.63	tp	0
