motif_ID	motif_ALT_ID	seq_ID	site_Start	site_End	site_Strand	site_Score	site_Sequence
1-BSMCGCGKSV	STREME-1	evm.TU.HIC_ASM_7.279	798	807	+	18.43	CGACGCGTCG
1-BSMCGCGKSV	STREME-1	evm.TU.HIC_ASM_8.768	2665	2674	+	18.24	GCGCGCGCGC
1-BSMCGCGKSV	STREME-1	evm.TU.HIC_ASM_15.2673	257	266	+	18.24	GCGCGCGCGC
1-BSMCGCGKSV	STREME-1	evm.TU.HIC_ASM_6.1477	44	53	+	18.24	GCGCGCGCGC
1-BSMCGCGKSV	STREME-1	evm.TU.HIC_ASM_6.1477	46	55	+	18.24	GCGCGCGCGC
1-BSMCGCGKSV	STREME-1	evm.TU.HIC_ASM_18.217	2771	2780	+	18.10	GGACGCGGCG
1-BSMCGCGKSV	STREME-1	evm.TU.HIC_ASM_2.983	326	335	+	17.76	CGCCGCGCGG
1-BSMCGCGKSV	STREME-1	evm.TU.HIC_ASM_9.489	2789	2798	+	17.74	GGACGCGCGC
1-BSMCGCGKSV	STREME-1	evm.TU.HIC_ASM_3.1483	1445	1454	+	17.23	GGACGCGTCC
1-BSMCGCGKSV	STREME-1	evm.TU.HIC_ASM_17.1166	2677	2686	-	17.03	CGCCGCGGCA
1-BSMCGCGKSV	STREME-1	evm.TU.HIC_ASM_6.501	3151	3160	-	16.93	CGGCGCGGGC
1-BSMCGCGKSV	STREME-1	evm.TU.HIC_ASM_15.2673	255	264	+	16.92	TCGCGCGCGC
1-BSMCGCGKSV	STREME-1	evm.TU.HIC_ASM_10.1181	2790	2799	-	16.57	GGCCGCGGGG
1-BSMCGCGKSV	STREME-1	evm.TU.HIC_ASM_8.1432	1504	1513	-	16.55	GGACGCGTGC
1-BSMCGCGKSV	STREME-1	evm.TU.HIC_ASM_6.2127	947	956	-	16.49	CGACGCGGAC
1-BSMCGCGKSV	STREME-1	evm.TU.HIC_ASM_3.989	2754	2763	-	16.49	CGACGCGTGG
1-BSMCGCGKSV	STREME-1	evm.TU.HIC_ASM_8.768	2667	2676	-	16.45	ACGCGCGCGC
1-BSMCGCGKSV	STREME-1	evm.TU.HIC_ASM_9.489	2791	2800	+	16.45	ACGCGCGCGC
1-BSMCGCGKSV	STREME-1	evm.TU.HIC_ASM_15.2673	259	268	-	16.45	ACGCGCGCGC
1-BSMCGCGKSV	STREME-1	evm.TU.HIC_ASM_1.1970	3179	3188	+	16.45	CGGCGCGTGC
1-BSMCGCGKSV	STREME-1	evm.TU.HIC_ASM_6.2624	1877	1886	+	16.45	GGGCGCGGGC
1-BSMCGCGKSV	STREME-1	evm.TU.HIC_ASM_11.996	2292	2301	-	16.43	CGCCGCGGCT
1-BSMCGCGKSV	STREME-1	evm.TU.HIC_ASM_7.2391	877	886	-	16.35	GCACGCGGGC
1-BSMCGCGKSV	STREME-1	evm.TU.HIC_ASM_7.2597	2709	2718	-	16.27	AGACGCGGCG
1-BSMCGCGKSV	STREME-1	evm.TU.HIC_ASM_7.2394	2709	2718	-	16.27	AGACGCGGCG
1-BSMCGCGKSV	STREME-1	evm.TU.HIC_ASM_6.771	848	857	-	16.25	GGACGCGTAC
1-BSMCGCGKSV	STREME-1	evm.TU.HIC_ASM_5.114	1943	1952	-	16.25	TGGCGCGGCG
1-BSMCGCGKSV	STREME-1	evm.TU.HIC_ASM_8.2000	1326	1335	+	16.17	GGACGCGGCA
1-BSMCGCGKSV	STREME-1	evm.TU.HIC_ASM_16.1192	169	178	-	16.17	GGACGCGGCA
1-BSMCGCGKSV	STREME-1	evm.TU.HIC_ASM_8.1888	2702	2711	-	16.17	GGACGCGGCA
1-BSMCGCGKSV	STREME-1	evm.TU.HIC_ASM_14.703	2781	2790	-	16.17	GGACGCGGCA
1-BSMCGCGKSV	STREME-1	evm.TU.FRAGSCAFF_44__FRAGMENT_3.13	1845	1854	-	16.10	GGACGCGTCA
1-BSMCGCGKSV	STREME-1	evm.TU.HIC_ASM_16.1162	2165	2174	+	16.10	GGACGCGTCA
1-BSMCGCGKSV	STREME-1	evm.TU.HIC_ASM_0.947	1802	1811	-	16.10	GGACGCGTCA
1-BSMCGCGKSV	STREME-1	evm.TU.HIC_ASM_2.855	2665	2674	+	16.07	AGCCGCGCGC
1-BSMCGCGKSV	STREME-1	evm.TU.HIC_ASM_1.1999	2311	2320	+	16.02	GGCCGCGTGG
1-BSMCGCGKSV	STREME-1	evm.TU.HIC_ASM_7.2385	1785	1794	+	16.00	CGACGCGTCT
1-BSMCGCGKSV	STREME-1	evm.TU.HIC_ASM_7.2386	2434	2443	-	16.00	CGACGCGTCT
1-BSMCGCGKSV	STREME-1	evm.TU.HIC_ASM_7.2589	2267	2276	+	15.97	GGGCGCGTGC
1-BSMCGCGKSV	STREME-1	evm.TU.HIC_ASM_8.1234	2806	2815	+	15.94	TCACGCGCGC
1-BSMCGCGKSV	STREME-1	evm.TU.HIC_ASM_1.981	2252	2261	-	15.90	TGACGCGGGC
1-BSMCGCGKSV	STREME-1	evm.TU.HIC_ASM_1.2166	612	621	-	15.89	TGGCGCGCGC
1-BSMCGCGKSV	STREME-1	evm.TU.HIC_ASM_1.1657	2927	2936	+	15.87	GCACGCGTGC
1-BSMCGCGKSV	STREME-1	evm.TU.HIC_ASM_5.671	1990	1999	+	15.86	GGACGCGGGA
1-BSMCGCGKSV	STREME-1	evm.TU.HIC_ASM_9.934	1345	1354	+	15.84	GGGCGCGCGA
1-BSMCGCGKSV	STREME-1	evm.TU.HIC_ASM_0.542	573	582	+	15.83	TGCCGCGCGG
1-BSMCGCGKSV	STREME-1	evm.TU.HIC_ASM_11.228	2880	2889	-	15.79	CGGCGCGTGG
1-BSMCGCGKSV	STREME-1	evm.TU.HIC_ASM_11.82	2878	2887	-	15.79	CGGCGCGTGG
1-BSMCGCGKSV	STREME-1	evm.TU.HIC_ASM_15.1923	1675	1684	+	15.77	CGCCGCGTGT
1-BSMCGCGKSV	STREME-1	evm.TU.HIC_ASM_4.1547	1846	1855	+	15.74	TCGCGCGTGC
1-BSMCGCGKSV	STREME-1	evm.TU.HIC_ASM_9.1024	2804	2813	-	15.74	TCGCGCGTGC
1-BSMCGCGKSV	STREME-1	evm.TU.HIC_ASM_7.279	203	212	+	15.69	CCACGCGGGC
1-BSMCGCGKSV	STREME-1	evm.TU.HIC_ASM_6.501	3159	3168	+	15.61	CGCCGCGGAG
1-BSMCGCGKSV	STREME-1	evm.TU.HIC_ASM_14.709	1126	1135	-	15.58	GGGCGCGGCA
1-BSMCGCGKSV	STREME-1	evm.TU.HIC_ASM_9.938	1337	1346	-	15.57	GTACGCGTGC
1-BSMCGCGKSV	STREME-1	evm.TU.HIC_ASM_9.1865	2012	2021	+	15.56	TCACGCGGCC
1-BSMCGCGKSV	STREME-1	evm.TU.HIC_ASM_2.736	1	10	-	15.51	CGACGCGTGT
1-BSMCGCGKSV	STREME-1	evm.TU.HIC_ASM_14.239	2706	2715	-	15.49	GGCCGCGGGT
1-BSMCGCGKSV	STREME-1	evm.TU.HIC_ASM_17.827	2408	2417	-	15.47	GTACGCGGGG
1-BSMCGCGKSV	STREME-1	evm.TU.HIC_ASM_3.586	1014	1023	+	15.43	CGACGCGCAC
1-BSMCGCGKSV	STREME-1	evm.TU.HIC_ASM_8.768	2669	2678	-	15.41	ACACGCGCGC
1-BSMCGCGKSV	STREME-1	evm.TU.HIC_ASM_4.1070	1065	1074	-	15.41	ACACGCGCGC
1-BSMCGCGKSV	STREME-1	evm.TU.HIC_ASM_1.697	2662	2671	+	15.41	ACACGCGCGC
1-BSMCGCGKSV	STREME-1	evm.TU.HIC_ASM_10.486	549	558	-	15.41	ACACGCGCGC
1-BSMCGCGKSV	STREME-1	evm.TU.HIC_ASM_3.133	569	578	-	15.41	ACACGCGCGC
1-BSMCGCGKSV	STREME-1	evm.TU.HIC_ASM_11.608	2756	2765	+	15.37	AGGCGCGCGC
1-BSMCGCGKSV	STREME-1	evm.TU.HIC_ASM_1.2166	610	619	+	15.37	AGGCGCGCGC
1-BSMCGCGKSV	STREME-1	evm.TU.HIC_ASM_8.768	2663	2672	+	15.33	GTGCGCGCGC
1-BSMCGCGKSV	STREME-1	evm.TU.HIC_ASM_6.1477	42	51	+	15.33	GTGCGCGCGC
1-BSMCGCGKSV	STREME-1	evm.TU.HIC_ASM_1.1999	2473	2482	-	15.29	TGACGCGCGA
1-BSMCGCGKSV	STREME-1	evm.TU.HIC_ASM_1.1311	2782	2791	+	15.22	GAACGCGGCG
1-BSMCGCGKSV	STREME-1	evm.TU.HIC_ASM_4.1540	934	943	-	15.15	TACCGCGGCG
1-BSMCGCGKSV	STREME-1	evm.TU.HIC_ASM_7.279	647	656	+	15.14	CTACGCGCGG
1-BSMCGCGKSV	STREME-1	evm.TU.HIC_ASM_3.133	567	576	+	15.13	TCGCGCGCGT
1-BSMCGCGKSV	STREME-1	evm.TU.HIC_ASM_5.1228	1041	1050	+	15.12	TGACGCGTAC
1-BSMCGCGKSV	STREME-1	evm.TU.HIC_ASM_15.2139	2688	2697	+	15.11	CCCCGCGGAC
1-BSMCGCGKSV	STREME-1	evm.TU.HIC_ASM_9.1414	1127	1136	-	15.10	TCACGCGCGG
1-BSMCGCGKSV	STREME-1	evm.TU.HIC_ASM_10.820	1674	1683	-	15.10	TCACGCGCGG
1-BSMCGCGKSV	STREME-1	evm.TU.HIC_ASM_10.975	1244	1253	+	15.08	TCGCGCGGAC
1-BSMCGCGKSV	STREME-1	evm.TU.HIC_ASM_7.1537	571	580	+	15.05	TGGCGCGCGG
1-BSMCGCGKSV	STREME-1	evm.TU.HIC_ASM_8.822	2708	2717	+	15.04	GGCCGCGTGT
1-BSMCGCGKSV	STREME-1	evm.TU.HIC_ASM_8.929	2708	2717	+	15.04	GGCCGCGTGT
1-BSMCGCGKSV	STREME-1	evm.TU.HIC_ASM_1.953	2571	2580	-	14.98	TTACGCGTCG
1-BSMCGCGKSV	STREME-1	evm.TU.HIC_ASM_18.578	3165	3174	+	14.92	GTACGCGGAC
1-BSMCGCGKSV	STREME-1	evm.TU.HIC_ASM_4.1070	1131	1140	-	14.91	GGACGCGTGT
1-BSMCGCGKSV	STREME-1	evm.TU.HIC_ASM_16.1162	2187	2196	+	14.91	GGACGCGTGT
1-BSMCGCGKSV	STREME-1	evm.TU.HIC_ASM_15.2673	261	270	-	14.89	TTACGCGCGC
1-BSMCGCGKSV	STREME-1	evm.TU.HIC_ASM_8.1614	2567	2576	-	14.83	TGCCGCGTGG
1-BSMCGCGKSV	STREME-1	evm.TU.HIC_ASM_1.1999	2460	2469	+	14.81	CGGCGCGTGT
1-BSMCGCGKSV	STREME-1	evm.TU.HIC_ASM_8.1263	49	58	+	14.80	CTACGCGTGC
1-BSMCGCGKSV	STREME-1	evm.TU.HIC_ASM_1.426	1896	1905	-	14.79	TGCCGCGGGA
1-BSMCGCGKSV	STREME-1	evm.TU.HIC_ASM_7.1442	2846	2855	-	14.76	TGACGCGTGG
1-BSMCGCGKSV	STREME-1	evm.TU.HIC_ASM_8.434	1512	1521	+	14.75	TCACGCGTGC
1-BSMCGCGKSV	STREME-1	evm.TU.HIC_ASM_7.201	2811	2820	+	14.75	TCGCGCGGCT
1-BSMCGCGKSV	STREME-1	evm.TU.HIC_ASM_8.373	2832	2841	-	14.73	TGACGCGGGA
1-BSMCGCGKSV	STREME-1	evm.TU.HIC_ASM_2.227	2553	2562	-	14.72	AGACGCGTGC
1-BSMCGCGKSV	STREME-1	evm.TU.HIC_ASM_8.1888	1694	1703	+	14.72	AGACGCGTGC
1-BSMCGCGKSV	STREME-1	evm.TU.HIC_ASM_17.851	2790	2799	-	14.72	CGACGCGGTG
1-BSMCGCGKSV	STREME-1	evm.TU.HIC_ASM_1.1970	2701	2710	+	14.71	TTCCGCGTCG
1-BSMCGCGKSV	STREME-1	evm.TU.HIC_ASM_8.822	2824	2833	-	14.71	ACACGCGGGC
1-BSMCGCGKSV	STREME-1	evm.TU.HIC_ASM_11.1060	2363	2372	-	14.71	ACACGCGGGC
1-BSMCGCGKSV	STREME-1	evm.TU.HIC_ASM_8.929	2824	2833	-	14.71	ACACGCGGGC
1-BSMCGCGKSV	STREME-1	evm.TU.HIC_ASM_2.983	328	337	-	14.71	GACCGCGCGG
1-BSMCGCGKSV	STREME-1	evm.TU.HIC_ASM_8.2000	2585	2594	-	14.70	TGGCGCGTGC
1-BSMCGCGKSV	STREME-1	evm.TU.HIC_ASM_12.717	7	16	-	14.64	CGGCGCGGAG
1-BSMCGCGKSV	STREME-1	evm.TU.HIC_ASM_12.861	16	25	-	14.64	CGGCGCGGAG
1-BSMCGCGKSV	STREME-1	evm.TU.HIC_ASM_7.1537	573	582	-	14.62	TTCCGCGCGC
1-BSMCGCGKSV	STREME-1	evm.TU.HIC_ASM_7.2385	1697	1706	-	14.59	AGCCGCGTAC
1-BSMCGCGKSV	STREME-1	evm.TU.HIC_ASM_7.2386	2522	2531	+	14.59	AGCCGCGTAC
1-BSMCGCGKSV	STREME-1	evm.TU.HIC_ASM_7.2589	2537	2546	+	14.59	AGCCGCGTAC
1-BSMCGCGKSV	STREME-1	evm.TU.HIC_ASM_7.1916	1186	1195	+	14.57	ATACGCGGCG
1-BSMCGCGKSV	STREME-1	evm.TU.HIC_ASM_1.1312	563	572	+	14.55	TCGCGCGGGT
1-BSMCGCGKSV	STREME-1	evm.TU.HIC_ASM_7.1665	1691	1700	+	14.55	TCGCGCGGGT
1-BSMCGCGKSV	STREME-1	evm.TU.HIC_ASM_2.855	2667	2676	-	14.53	AGGCGCGCGG
1-BSMCGCGKSV	STREME-1	evm.TU.HIC_ASM_8.1888	2688	2697	-	14.52	CCACGCGGGA
1-BSMCGCGKSV	STREME-1	evm.TU.HIC_ASM_7.2246	1281	1290	-	14.51	TTACGCGGCC
1-BSMCGCGKSV	STREME-1	evm.TU.HIC_ASM_5.671	947	956	-	14.50	TGCCGCGGCT
1-BSMCGCGKSV	STREME-1	evm.TU.HIC_ASM_7.2227	1585	1594	+	14.50	TGCCGCGGCT
1-BSMCGCGKSV	STREME-1	evm.TU.HIC_ASM_17.506	2988	2997	+	14.48	GAACGCGGCC
1-BSMCGCGKSV	STREME-1	evm.TU.HIC_ASM_7.674	992	1001	+	14.43	GGCCGCGCAG
1-BSMCGCGKSV	STREME-1	evm.TU.HIC_ASM_3.450	2900	2909	+	14.41	TGCCGCGTAG
1-BSMCGCGKSV	STREME-1	evm.TU.HIC_ASM_7.779	2860	2869	+	14.39	CGACGCGCTC
1-BSMCGCGKSV	STREME-1	evm.TU.HIC_ASM_7.2204	2301	2310	+	14.39	GTACGCGGGT
1-BSMCGCGKSV	STREME-1	evm.TU.HIC_ASM_7.2400	2294	2303	+	14.39	GTACGCGGGT
1-BSMCGCGKSV	STREME-1	evm.TU.HIC_ASM_15.485	283	292	+	14.32	GGGCGCGTGT
1-BSMCGCGKSV	STREME-1	evm.TU.HIC_ASM_1.1657	343	352	-	14.31	TGACGCGTGA
1-BSMCGCGKSV	STREME-1	evm.TU.HIC_ASM_6.741	874	883	+	14.30	TGCCGCGGGT
1-BSMCGCGKSV	STREME-1	evm.TU.HIC_ASM_9.687	231	240	+	14.30	TGCCGCGGGT
1-BSMCGCGKSV	STREME-1	evm.TU.HIC_ASM_18.1051	1762	1771	-	14.30	GGACGCGCAG
1-BSMCGCGKSV	STREME-1	evm.TU.HIC_ASM_1.1970	2729	2738	-	14.28	GGACGCGGTA
1-BSMCGCGKSV	STREME-1	evm.TU.HIC_ASM_18.1142	862	871	-	14.23	ACACGCGTGC
1-BSMCGCGKSV	STREME-1	evm.TU.HIC_ASM_4.1070	2833	2842	-	14.23	CCACGCGGCT
1-BSMCGCGKSV	STREME-1	evm.TU.HIC_ASM_6.748	1977	1986	-	14.20	TTGCGCGGCG
1-BSMCGCGKSV	STREME-1	evm.TU.HIC_ASM_6.741	2420	2429	-	14.20	TTGCGCGGCG
1-BSMCGCGKSV	STREME-1	evm.TU.HIC_ASM_8.373	2825	2834	-	14.12	GGACGCGGTG
1-BSMCGCGKSV	STREME-1	evm.TU.HIC_ASM_15.2673	2177	2186	+	14.10	TCACGCGGAC
1-BSMCGCGKSV	STREME-1	evm.TU.HIC_ASM_15.1172	2187	2196	-	14.08	AGGCGCGGGG
1-BSMCGCGKSV	STREME-1	evm.TU.HIC_ASM_7.279	649	658	+	14.08	ACGCGCGGGT
1-BSMCGCGKSV	STREME-1	evm.TU.HIC_ASM_1.426	986	995	+	14.06	AGACGCGTGG
1-BSMCGCGKSV	STREME-1	evm.TU.HIC_ASM_15.1238_evm.TU.HIC_ASM_15.1239	838	847	-	14.06	AGACGCGTGG
1-BSMCGCGKSV	STREME-1	evm.TU.HIC_ASM_14.1158	581	590	-	14.05	TGGCGCGGAC
1-BSMCGCGKSV	STREME-1	evm.TU.HIC_ASM_4.1070	1393	1402	-	14.04	TGGCGCGTGG
1-BSMCGCGKSV	STREME-1	evm.TU.HIC_ASM_10.486	1177	1186	+	14.04	TGGCGCGTGG
1-BSMCGCGKSV	STREME-1	evm.TU.HIC_ASM_8.373	1475	1484	-	14.02	AGACGCGGGA
1-BSMCGCGKSV	STREME-1	evm.TU.HIC_ASM_2.732	542	551	+	13.93	TTGCGCGTCG
1-BSMCGCGKSV	STREME-1	evm.TU.HIC_ASM_6.2853	510	519	+	13.93	TTGCGCGTCG
1-BSMCGCGKSV	STREME-1	evm.TU.HIC_ASM_3.450	1912	1921	+	13.92	CACCGCGGGC
1-BSMCGCGKSV	STREME-1	evm.TU.HIC_ASM_13.702	2817	2826	-	13.92	TGACGCGGTC
1-BSMCGCGKSV	STREME-1	evm.TU.HIC_ASM_11.42	1938	1947	+	13.92	TGACGCGGTC
1-BSMCGCGKSV	STREME-1	evm.TU.HIC_ASM_6.2260	590	599	-	13.92	TGACGCGGTC
1-BSMCGCGKSV	STREME-1	evm.TU.HIC_ASM_3.488	2477	2486	+	13.92	TGACGCGGTC
1-BSMCGCGKSV	STREME-1	evm.TU.HIC_ASM_1.18	2711	2720	-	13.92	TGACGCGGTC
1-BSMCGCGKSV	STREME-1	evm.TU.HIC_ASM_3.487	2840	2849	+	13.92	TGACGCGGTC
1-BSMCGCGKSV	STREME-1	evm.TU.HIC_ASM_13.521	2826	2835	-	13.92	TGACGCGGTC
1-BSMCGCGKSV	STREME-1	evm.TU.HIC_ASM_4.1743	1735	1744	-	13.92	TGACGCGGTC
1-BSMCGCGKSV	STREME-1	evm.TU.HIC_ASM_6.3133	2787	2796	-	13.84	TGCCGCGTGT
1-BSMCGCGKSV	STREME-1	evm.TU.HIC_ASM_13.838	1180	1189	-	13.84	TGCCGCGTGT
1-BSMCGCGKSV	STREME-1	evm.TU.HIC_ASM_9.489	2793	2802	-	13.84	TTGCGCGCGC
1-BSMCGCGKSV	STREME-1	evm.TU.HIC_ASM_15.456	322	331	-	13.80	AGGCGCGGCA
1-BSMCGCGKSV	STREME-1	evm.TU.HIC_ASM_9.1248	2330	2339	-	13.78	TGACGCGTGT
1-BSMCGCGKSV	STREME-1	evm.TU.HIC_ASM_15.2349	1633	1642	-	13.77	TCACGCGGCT
1-BSMCGCGKSV	STREME-1	evm.TU.HIC_ASM_15.2351	1617	1626	-	13.77	TCACGCGGCT
1-BSMCGCGKSV	STREME-1	evm.TU.HIC_ASM_15.2350	1621	1630	-	13.77	TCACGCGGCT
1-BSMCGCGKSV	STREME-1	evm.TU.HIC_ASM_3.1501	620	629	+	13.70	TGACGCGCAC
1-BSMCGCGKSV	STREME-1	evm.TU.HIC_ASM_8.2000	503	512	-	13.67	GAACGCGTGC
1-BSMCGCGKSV	STREME-1	evm.TU.HIC_ASM_13.702	2054	2063	+	13.65	AACCGCGGCG
1-BSMCGCGKSV	STREME-1	evm.TU.HIC_ASM_4.538	1587	1596	+	13.65	AACCGCGGCG
1-BSMCGCGKSV	STREME-1	evm.TU.HIC_ASM_13.521	1058	1067	+	13.65	AACCGCGGCG
1-BSMCGCGKSV	STREME-1	evm.TU.HIC_ASM_1.953	268	277	+	13.64	AGACGCGTAG
1-BSMCGCGKSV	STREME-1	evm.TU.HIC_ASM_8.1888	250	259	+	13.62	ACACGCGCGT
1-BSMCGCGKSV	STREME-1	evm.TU.HIC_ASM_2.227	2698	2707	+	13.61	CGGCGCGTTG
1-BSMCGCGKSV	STREME-1	evm.TU.HIC_ASM_18.1142	3067	3076	+	13.61	CTACGCGGGT
1-BSMCGCGKSV	STREME-1	evm.TU.FRAGSCAFF_44__FRAGMENT_3.13	354	363	-	13.60	AGACGCGTGA
1-BSMCGCGKSV	STREME-1	evm.TU.HIC_ASM_16.521	2977	2986	+	13.55	TGGCGCGTCT
1-BSMCGCGKSV	STREME-1	evm.TU.HIC_ASM_4.1070	1063	1072	-	13.54	ACGCGCGCAC
1-BSMCGCGKSV	STREME-1	evm.TU.HIC_ASM_8.1234	2808	2817	+	13.54	ACGCGCGCAC
1-BSMCGCGKSV	STREME-1	evm.TU.HIC_ASM_1.697	2664	2673	+	13.54	ACGCGCGCAC
1-BSMCGCGKSV	STREME-1	evm.TU.HIC_ASM_10.486	547	556	-	13.54	ACGCGCGCAC
1-BSMCGCGKSV	STREME-1	evm.TU.HIC_ASM_4.1029	1753	1762	+	13.53	TCCCGCGTGT
1-BSMCGCGKSV	STREME-1	evm.TU.HIC_ASM_2.1092	806	815	-	13.53	AGACGCGGGT
1-BSMCGCGKSV	STREME-1	evm.TU.HIC_ASM_12.717	2898	2907	+	13.49	TAACGCGTCC
1-BSMCGCGKSV	STREME-1	evm.TU.HIC_ASM_12.861	2898	2907	+	13.49	TAACGCGTCC
1-BSMCGCGKSV	STREME-1	evm.TU.HIC_ASM_11.57	2714	2723	+	13.48	ATGCGCGTCG
1-BSMCGCGKSV	STREME-1	evm.TU.HIC_ASM_6.2260	940	949	+	13.47	TACCGCGCGA
1-BSMCGCGKSV	STREME-1	evm.TU.HIC_ASM_12.667	2927	2936	+	13.44	CACCGCGTGC
1-BSMCGCGKSV	STREME-1	evm.TU.HIC_ASM_6.1477	48	57	-	13.39	ATGCGCGCGC
1-BSMCGCGKSV	STREME-1	evm.TU.HIC_ASM_6.2260	743	752	+	13.38	AACCGCGTCG
1-BSMCGCGKSV	STREME-1	evm.TU.HIC_ASM_4.1029	2422	2431	+	13.37	GAACGCGTAC
1-BSMCGCGKSV	STREME-1	evm.TU.HIC_ASM_0.542	575	584	-	13.36	ATCCGCGCGG
1-BSMCGCGKSV	STREME-1	evm.TU.HIC_ASM_16.471	1837	1846	-	13.33	CACCGCGGGG
1-BSMCGCGKSV	STREME-1	evm.TU.HIC_ASM_6.2128	1025	1034	-	13.33	CACCGCGGGG
1-BSMCGCGKSV	STREME-1	evm.TU.HIC_ASM_1.1852	2862	2871	+	13.33	CACCGCGGGG
1-BSMCGCGKSV	STREME-1	evm.TU.HIC_ASM_1.981	303	312	-	13.33	CACCGCGGGG
1-BSMCGCGKSV	STREME-1	evm.TU.HIC_ASM_15.2673	3003	3012	+	13.32	TTACGCGGCA
1-BSMCGCGKSV	STREME-1	evm.TU.HIC_ASM_7.1280	2878	2887	-	13.29	GACCGCGTAG
1-BSMCGCGKSV	STREME-1	evm.TU.HIC_ASM_5.334	1972	1981	+	13.29	GACCGCGTAG
1-BSMCGCGKSV	STREME-1	evm.TU.HIC_ASM_18.217	2571	2580	-	13.22	TGACGCGTTC
1-BSMCGCGKSV	STREME-1	evm.TU.HIC_ASM_8.1888	252	261	-	13.10	TTACGCGCGT
1-BSMCGCGKSV	STREME-1	evm.TU.HIC_ASM_14.1158	105	114	+	13.06	TGGCGCGTGT
1-BSMCGCGKSV	STREME-1	evm.TU.HIC_ASM_1.1314	103	112	+	13.03	ATACGCGTGC
1-BSMCGCGKSV	STREME-1	evm.TU.HIC_ASM_17.828	1053	1062	+	13.02	ATCCGCGTGC
1-BSMCGCGKSV	STREME-1	evm.TU.HIC_ASM_9.1241	2584	2593	-	13.01	GAACGCGGAC
1-BSMCGCGKSV	STREME-1	evm.TU.HIC_ASM_15.1795	2344	2353	-	13.01	GAACGCGGAC
1-BSMCGCGKSV	STREME-1	evm.TU.HIC_ASM_13.1349	1369	1378	+	13.01	TTACGCGGGA
1-BSMCGCGKSV	STREME-1	evm.TU.HIC_ASM_18.563	2179	2188	-	12.96	CCACGCGCAG
1-BSMCGCGKSV	STREME-1	evm.TU.HIC_ASM_17.84	3072	3081	-	12.92	TCCCGCGCAG
1-BSMCGCGKSV	STREME-1	evm.TU.HIC_ASM_14.985	2795	2804	-	12.91	AGACGCGGAG
1-BSMCGCGKSV	STREME-1	evm.TU.HIC_ASM_5.334	1963	1972	+	12.91	AGACGCGGAG
1-BSMCGCGKSV	STREME-1	evm.TU.HIC_ASM_9.937	2470	2479	+	12.88	ATGCGCGTCC
1-BSMCGCGKSV	STREME-1	evm.TU.HIC_ASM_8.230	2746	2755	+	12.88	ATGCGCGTCC
1-BSMCGCGKSV	STREME-1	evm.TU.HIC_ASM_9.1414	1125	1134	+	12.83	TTCCGCGCGT
1-BSMCGCGKSV	STREME-1	evm.TU.HIC_ASM_10.820	1672	1681	+	12.83	TTCCGCGCGT
1-BSMCGCGKSV	STREME-1	evm.TU.HIC_ASM_2.855	1037	1046	+	12.82	GAGCGCGTAC
1-BSMCGCGKSV	STREME-1	evm.TU.HIC_ASM_6.741	2253	2262	-	12.81	TAACGCGTGC
1-BSMCGCGKSV	STREME-1	evm.TU.HIC_ASM_15.2673	2075	2084	-	12.80	AAACGCGGCG
1-BSMCGCGKSV	STREME-1	evm.TU.HIC_ASM_2.227	2693	2702	+	12.80	AAACGCGGCG
1-BSMCGCGKSV	STREME-1	evm.TU.HIC_ASM_11.1060	3093	3102	-	12.80	AAACGCGGCG
1-BSMCGCGKSV	STREME-1	evm.TU.HIC_ASM_4.538	21	30	+	12.79	AACCGCGTCC
1-BSMCGCGKSV	STREME-1	evm.TU.HIC_ASM_4.538	1649	1658	-	12.79	AACCGCGTCC
1-BSMCGCGKSV	STREME-1	evm.TU.HIC_ASM_7.2522	384	393	+	12.79	AACCGCGTCC
1-BSMCGCGKSV	STREME-1	evm.TU.HIC_ASM_15.927	1310	1319	-	12.79	AACCGCGTCC
1-BSMCGCGKSV	STREME-1	evm.TU.HIC_ASM_17.999	3104	3113	-	12.79	AACCGCGTCC
1-BSMCGCGKSV	STREME-1	evm.TU.HIC_ASM_9.687	2869	2878	+	12.79	AACCGCGTCC
1-BSMCGCGKSV	STREME-1	evm.TU.HIC_ASM_13.992	712	721	+	12.74	TCCCGCGGTG
1-BSMCGCGKSV	STREME-1	evm.TU.HIC_ASM_18.1226	2111	2120	+	12.74	TTCCGCGGGA
1-BSMCGCGKSV	STREME-1	evm.TU.HIC_ASM_12.45	1579	1588	+	12.72	TTACGCGGCT
1-BSMCGCGKSV	STREME-1	evm.TU.HIC_ASM_3.1405	498	507	+	12.72	TTACGCGGCT
1-BSMCGCGKSV	STREME-1	evm.TU.HIC_ASM_1.1312	2777	2786	-	12.71	TAACGCGGGG
1-BSMCGCGKSV	STREME-1	evm.TU.HIC_ASM_9.916	1159	1168	-	12.69	AACCGCGCCG
1-BSMCGCGKSV	STREME-1	evm.TU.HIC_ASM_1.2056	2353	2362	-	12.64	ATACGCGGCA
1-BSMCGCGKSV	STREME-1	evm.TU.HIC_ASM_12.54	333	342	+	12.63	TTACGCGTAG
1-BSMCGCGKSV	STREME-1	evm.TU.HIC_ASM_9.938	2617	2626	-	12.59	GAACGCGTAG
1-BSMCGCGKSV	STREME-1	evm.TU.HIC_ASM_15.1293	3178	3187	-	12.59	AACCGCGGGC
1-BSMCGCGKSV	STREME-1	evm.TU.HIC_ASM_11.1103	1677	1686	-	12.58	TGACGCGTTG
1-BSMCGCGKSV	STREME-1	evm.TU.HIC_ASM_8.297	2750	2759	+	12.58	TGACGCGTTG
1-BSMCGCGKSV	STREME-1	evm.TU.HIC_ASM_6.741	2306	2315	-	12.55	GAACGCGTGA
1-BSMCGCGKSV	STREME-1	evm.TU.HIC_ASM_3.989	1630	1639	-	12.55	GAACGCGTGA
1-BSMCGCGKSV	STREME-1	evm.TU.HIC_ASM_8.531	2581	2590	-	12.55	AAGCGCGTCG
1-BSMCGCGKSV	STREME-1	evm.TU.HIC_ASM_2.757	1156	1165	+	12.54	CTACGCGCAG
1-BSMCGCGKSV	STREME-1	evm.TU.HIC_ASM_7.1665	2056	2065	+	12.54	TTACGCGCCA
1-BSMCGCGKSV	STREME-1	evm.TU.HIC_ASM_3.1170	1113	1122	+	12.53	AAACGCGTCG
1-BSMCGCGKSV	STREME-1	evm.TU.HIC_ASM_16.402	3150	3159	-	12.53	AAACGCGTCG
1-BSMCGCGKSV	STREME-1	evm.TU.HIC_ASM_1.445	6	15	+	12.52	TTGCGCGCGA
1-BSMCGCGKSV	STREME-1	evm.TU.HIC_ASM_4.1547	1758	1767	-	12.52	TTACGCGGGT
1-BSMCGCGKSV	STREME-1	evm.TU.HIC_ASM_10.820	1454	1463	-	12.52	AGACGCGTTC
1-BSMCGCGKSV	STREME-1	evm.TU.HIC_ASM_2.732	2349	2358	+	12.50	TCACGCGCAG
1-BSMCGCGKSV	STREME-1	evm.TU.HIC_ASM_10.975	2097	2106	-	12.50	TCACGCGCAG
1-BSMCGCGKSV	STREME-1	evm.TU.HIC_ASM_17.218	1721	1730	-	12.50	TCACGCGCAG
1-BSMCGCGKSV	STREME-1	evm.TU.HIC_ASM_2.757	2832	2841	-	12.48	TACCGCGTGA
1-BSMCGCGKSV	STREME-1	evm.TU.HIC_ASM_7.2380	159	168	-	12.48	GAACGCGGGT
1-BSMCGCGKSV	STREME-1	evm.TU.HIC_ASM_7.2582	143	152	-	12.48	GAACGCGGGT
1-BSMCGCGKSV	STREME-1	evm.TU.HIC_ASM_1.2056	646	655	+	12.46	AGGCGCGCAC
1-BSMCGCGKSV	STREME-1	evm.TU.HIC_ASM_11.608	2758	2767	-	12.46	AAGCGCGCGC
1-BSMCGCGKSV	STREME-1	evm.TU.HIC_ASM_1.1970	2744	2753	-	12.46	GAGCGCGGAC
1-BSMCGCGKSV	STREME-1	evm.TU.HIC_ASM_5.1231	2088	2097	-	12.45	GAGCGCGTGG
1-BSMCGCGKSV	STREME-1	evm.TU.HIC_ASM_13.838	1537	1546	-	12.45	TGGCGCGCAG
1-BSMCGCGKSV	STREME-1	evm.TU.HIC_ASM_9.938	3184	3193	+	12.37	ATACGCGTGG
1-BSMCGCGKSV	STREME-1	evm.TU.HIC_ASM_2.227	1993	2002	-	12.37	CTACGCGGTG
1-BSMCGCGKSV	STREME-1	evm.TU.HIC_ASM_17.218	1168	1177	+	12.36	ATCCGCGGAC
1-BSMCGCGKSV	STREME-1	evm.TU.HIC_ASM_6.1042	2490	2499	+	12.36	TTCCGCGTAG
#
2-ACGCGTTT	STREME-2	evm.TU.HIC_ASM_7.201	2727	2734	-	16.87	ACGCGTTT
2-ACGCGTTT	STREME-2	evm.TU.HIC_ASM_1.1312	2145	2152	-	16.87	ACGCGTTT
2-ACGCGTTT	STREME-2	evm.TU.HIC_ASM_3.1719_evm.TU.HIC_ASM_3.1720	2233	2240	-	16.87	ACGCGTTT
2-ACGCGTTT	STREME-2	evm.TU.HIC_ASM_3.1719_evm.TU.HIC_ASM_3.1720	2235	2242	+	16.87	ACGCGTTT
2-ACGCGTTT	STREME-2	evm.TU.HIC_ASM_12.561	2380	2387	-	16.87	ACGCGTTT
2-ACGCGTTT	STREME-2	evm.TU.HIC_ASM_2.1425	1852	1859	-	16.87	ACGCGTTT
2-ACGCGTTT	STREME-2	evm.TU.HIC_ASM_3.1170	1113	1120	-	16.87	ACGCGTTT
2-ACGCGTTT	STREME-2	evm.TU.HIC_ASM_13.844	1643	1650	-	16.87	ACGCGTTT
2-ACGCGTTT	STREME-2	evm.TU.HIC_ASM_10.1181	2758	2765	+	16.87	ACGCGTTT
2-ACGCGTTT	STREME-2	evm.TU.HIC_ASM_3.586	276	283	+	16.87	ACGCGTTT
2-ACGCGTTT	STREME-2	evm.TU.HIC_ASM_9.1355	876	883	+	16.87	ACGCGTTT
2-ACGCGTTT	STREME-2	evm.TU.HIC_ASM_9.1355	1485	1492	-	16.87	ACGCGTTT
2-ACGCGTTT	STREME-2	evm.TU.HIC_ASM_7.2246	1037	1044	-	16.87	ACGCGTTT
2-ACGCGTTT	STREME-2	evm.TU.HIC_ASM_7.2246	2787	2794	-	16.87	ACGCGTTT
2-ACGCGTTT	STREME-2	evm.TU.HIC_ASM_18.1226	2105	2112	+	16.87	ACGCGTTT
2-ACGCGTTT	STREME-2	evm.TU.HIC_ASM_3.1501	110	117	+	16.87	ACGCGTTT
2-ACGCGTTT	STREME-2	evm.TU.HIC_ASM_4.1002	1565	1572	+	16.87	ACGCGTTT
2-ACGCGTTT	STREME-2	evm.TU.ORIGINAL_247__FRAGMENT_2.41	613	620	+	16.87	ACGCGTTT
2-ACGCGTTT	STREME-2	evm.TU.HIC_ASM_4.596	2815	2822	-	16.87	ACGCGTTT
2-ACGCGTTT	STREME-2	evm.TU.HIC_ASM_15.668	567	574	+	16.87	ACGCGTTT
2-ACGCGTTT	STREME-2	evm.TU.HIC_ASM_3.288	2759	2766	-	16.87	ACGCGTTT
2-ACGCGTTT	STREME-2	evm.TU.HIC_ASM_7.605	174	181	+	16.87	ACGCGTTT
2-ACGCGTTT	STREME-2	evm.TU.HIC_ASM_2.652	904	911	-	16.87	ACGCGTTT
2-ACGCGTTT	STREME-2	evm.TU.HIC_ASM_16.402	3152	3159	+	16.87	ACGCGTTT
2-ACGCGTTT	STREME-2	evm.TU.HIC_ASM_7.2389	205	212	+	16.87	ACGCGTTT
2-ACGCGTTT	STREME-2	evm.TU.HIC_ASM_17.828	2800	2807	+	16.87	ACGCGTTT
2-ACGCGTTT	STREME-2	evm.TU.HIC_ASM_7.2391	2697	2704	+	16.87	ACGCGTTT
2-ACGCGTTT	STREME-2	evm.TU.HIC_ASM_7.2594	2697	2704	+	16.87	ACGCGTTT
2-ACGCGTTT	STREME-2	evm.TU.HIC_ASM_13.702	2301	2308	-	16.06	ACGCGCTT
2-ACGCGTTT	STREME-2	evm.TU.HIC_ASM_10.975	1760	1767	+	16.06	ACGCGCTT
2-ACGCGTTT	STREME-2	evm.TU.HIC_ASM_15.2673	854	861	+	16.06	ACGCGCTT
2-ACGCGTTT	STREME-2	evm.TU.HIC_ASM_6.2260	862	869	+	16.06	ACGCGCTT
2-ACGCGTTT	STREME-2	evm.TU.HIC_ASM_6.2260	2534	2541	+	16.06	ACGCGCTT
2-ACGCGTTT	STREME-2	evm.TU.HIC_ASM_6.243	607	614	-	16.06	ACGCGCTT
2-ACGCGTTT	STREME-2	evm.TU.HIC_ASM_0.153	2029	2036	+	16.06	ACGCGCTT
2-ACGCGTTT	STREME-2	evm.TU.HIC_ASM_7.1891	1688	1695	-	16.06	ACGCGCTT
2-ACGCGTTT	STREME-2	evm.TU.HIC_ASM_2.227	2147	2154	+	16.06	ACGCGCTT
2-ACGCGTTT	STREME-2	evm.TU.HIC_ASM_1.1060	2865	2872	+	16.06	ACGCGCTT
2-ACGCGTTT	STREME-2	evm.TU.HIC_ASM_16.1162	2055	2062	+	16.06	ACGCGCTT
2-ACGCGTTT	STREME-2	evm.TU.HIC_ASM_4.1540	1168	1175	-	16.06	ACGCGCTT
2-ACGCGTTT	STREME-2	evm.TU.HIC_ASM_8.531	2583	2590	+	16.06	ACGCGCTT
2-ACGCGTTT	STREME-2	evm.TU.HIC_ASM_11.1060	2867	2874	+	16.06	ACGCGCTT
2-ACGCGTTT	STREME-2	evm.TU.HIC_ASM_16.521	2323	2330	-	16.06	ACGCGCTT
2-ACGCGTTT	STREME-2	evm.TU.HIC_ASM_4.1029	2409	2416	-	16.06	ACGCGCTT
2-ACGCGTTT	STREME-2	evm.TU.HIC_ASM_13.242	1421	1428	+	16.06	ACGCGCTT
2-ACGCGTTT	STREME-2	evm.TU.HIC_ASM_12.948	925	932	+	16.06	ACGCGCTT
2-ACGCGTTT	STREME-2	evm.TU.HIC_ASM_8.1263	2821	2828	-	16.06	ACGCGCTT
2-ACGCGTTT	STREME-2	evm.TU.HIC_ASM_13.521	2292	2299	-	16.06	ACGCGCTT
2-ACGCGTTT	STREME-2	evm.TU.HIC_ASM_4.1547	2865	2872	-	15.48	ACGCGGTT
2-ACGCGTTT	STREME-2	evm.TU.HIC_ASM_2.1425	1873	1880	-	15.48	ACGCGGTT
2-ACGCGTTT	STREME-2	evm.TU.HIC_ASM_9.1549	1445	1452	-	15.48	ACGCGGTT
2-ACGCGTTT	STREME-2	evm.TU.HIC_ASM_9.1024	2763	2770	-	15.48	ACGCGGTT
2-ACGCGTTT	STREME-2	evm.TU.HIC_ASM_6.2260	743	750	-	15.48	ACGCGGTT
2-ACGCGTTT	STREME-2	evm.TU.HIC_ASM_4.538	21	28	-	15.48	ACGCGGTT
2-ACGCGTTT	STREME-2	evm.TU.HIC_ASM_4.538	1651	1658	+	15.48	ACGCGGTT
2-ACGCGTTT	STREME-2	evm.TU.HIC_ASM_14.203	165	172	+	15.48	ACGCGGTT
2-ACGCGTTT	STREME-2	evm.TU.HIC_ASM_10.1012	2639	2646	-	15.48	ACGCGGTT
2-ACGCGTTT	STREME-2	evm.TU.HIC_ASM_7.2522	384	391	-	15.48	ACGCGGTT
2-ACGCGTTT	STREME-2	evm.TU.HIC_ASM_0.201_evm.TU.HIC_ASM_0.202	1333	1340	+	15.48	ACGCGGTT
2-ACGCGTTT	STREME-2	evm.TU.HIC_ASM_11.233	2819	2826	+	15.48	ACGCGGTT
2-ACGCGTTT	STREME-2	evm.TU.HIC_ASM_6.2127	2892	2899	-	15.48	ACGCGGTT
2-ACGCGTTT	STREME-2	evm.TU.HIC_ASM_8.822	333	340	-	15.48	ACGCGGTT
2-ACGCGTTT	STREME-2	evm.TU.HIC_ASM_15.927	1312	1319	+	15.48	ACGCGGTT
2-ACGCGTTT	STREME-2	evm.TU.HIC_ASM_2.1305	2954	2961	-	15.48	ACGCGGTT
2-ACGCGTTT	STREME-2	evm.TU.HIC_ASM_0.357	2617	2624	-	15.48	ACGCGGTT
2-ACGCGTTT	STREME-2	evm.TU.HIC_ASM_17.999	3106	3113	+	15.48	ACGCGGTT
2-ACGCGTTT	STREME-2	evm.TU.HIC_ASM_0.329	2845	2852	-	15.48	ACGCGGTT
2-ACGCGTTT	STREME-2	evm.TU.HIC_ASM_17.827	1674	1681	+	15.48	ACGCGGTT
2-ACGCGTTT	STREME-2	evm.TU.HIC_ASM_1.1595	2799	2806	+	15.48	ACGCGGTT
2-ACGCGTTT	STREME-2	evm.TU.HIC_ASM_9.750	2455	2462	-	15.48	ACGCGGTT
2-ACGCGTTT	STREME-2	evm.TU.HIC_ASM_13.992	183	190	+	15.48	ACGCGGTT
2-ACGCGTTT	STREME-2	evm.TU.HIC_ASM_2.855	2679	2686	-	15.48	ACGCGGTT
2-ACGCGTTT	STREME-2	evm.TU.HIC_ASM_9.687	2869	2876	-	15.48	ACGCGGTT
2-ACGCGTTT	STREME-2	evm.TU.HIC_ASM_4.1547	2867	2874	+	15.05	CCGCGTTT
2-ACGCGTTT	STREME-2	evm.TU.HIC_ASM_2.952	2355	2362	+	15.05	CCGCGTTT
2-ACGCGTTT	STREME-2	evm.TU.HIC_ASM_2.1216	2836	2843	+	15.05	CCGCGTTT
2-ACGCGTTT	STREME-2	evm.TU.HIC_ASM_18.578	2573	2580	+	15.05	CCGCGTTT
2-ACGCGTTT	STREME-2	evm.TU.HIC_ASM_5.1228	2811	2818	+	15.05	CCGCGTTT
2-ACGCGTTT	STREME-2	evm.TU.HIC_ASM_3.586	1162	1169	+	15.05	CCGCGTTT
2-ACGCGTTT	STREME-2	evm.TU.HIC_ASM_1.1339	1466	1473	+	15.05	CCGCGTTT
2-ACGCGTTT	STREME-2	evm.TU.HIC_ASM_9.937	1947	1954	-	15.05	CCGCGTTT
2-ACGCGTTT	STREME-2	evm.TU.HIC_ASM_2.1186	2299	2306	+	15.05	CCGCGTTT
2-ACGCGTTT	STREME-2	evm.TU.HIC_ASM_15.2673	2077	2084	+	15.05	CCGCGTTT
2-ACGCGTTT	STREME-2	evm.TU.HIC_ASM_16.481	961	968	-	15.05	CCGCGTTT
2-ACGCGTTT	STREME-2	evm.TU.HIC_ASM_9.1248	795	802	-	15.05	CCGCGTTT
2-ACGCGTTT	STREME-2	evm.TU.HIC_ASM_1.1311	2702	2709	+	15.05	CCGCGTTT
2-ACGCGTTT	STREME-2	evm.TU.HIC_ASM_16.471	719	726	-	15.05	CCGCGTTT
2-ACGCGTTT	STREME-2	evm.TU.HIC_ASM_8.373	2694	2701	-	15.05	CCGCGTTT
2-ACGCGTTT	STREME-2	evm.TU.HIC_ASM_2.227	2693	2700	-	15.05	CCGCGTTT
2-ACGCGTTT	STREME-2	evm.TU.HIC_ASM_6.2127	907	914	-	15.05	CCGCGTTT
2-ACGCGTTT	STREME-2	evm.TU.HIC_ASM_1.1216	2690	2697	-	15.05	CCGCGTTT
2-ACGCGTTT	STREME-2	evm.TU.HIC_ASM_7.1665	2845	2852	-	15.05	CCGCGTTT
2-ACGCGTTT	STREME-2	evm.TU.HIC_ASM_2.1305	2668	2675	+	15.05	CCGCGTTT
2-ACGCGTTT	STREME-2	evm.TU.HIC_ASM_15.1293	2503	2510	+	15.05	CCGCGTTT
2-ACGCGTTT	STREME-2	evm.TU.HIC_ASM_11.1060	3095	3102	+	15.05	CCGCGTTT
2-ACGCGTTT	STREME-2	evm.TU.HIC_ASM_17.851	3121	3128	+	15.05	CCGCGTTT
2-ACGCGTTT	STREME-2	evm.TU.HIC_ASM_16.521	2268	2275	-	15.05	CCGCGTTT
2-ACGCGTTT	STREME-2	evm.TU.HIC_ASM_13.242	2816	2823	-	15.05	CCGCGTTT
2-ACGCGTTT	STREME-2	evm.TU.HIC_ASM_1.981	2238	2245	+	15.05	CCGCGTTT
2-ACGCGTTT	STREME-2	evm.TU.HIC_ASM_7.605	2525	2532	+	15.05	CCGCGTTT
2-ACGCGTTT	STREME-2	evm.TU.HIC_ASM_7.2204	3070	3077	-	15.05	CCGCGTTT
2-ACGCGTTT	STREME-2	evm.TU.HIC_ASM_7.2400	3070	3077	-	15.05	CCGCGTTT
2-ACGCGTTT	STREME-2	evm.TU.HIC_ASM_4.1240	2512	2519	+	15.05	CCGCGTTT
2-ACGCGTTT	STREME-2	evm.TU.HIC_ASM_16.402	2080	2087	+	15.05	CCGCGTTT
2-ACGCGTTT	STREME-2	evm.TU.HIC_ASM_0.329	2847	2854	+	15.05	CCGCGTTT
2-ACGCGTTT	STREME-2	evm.TU.HIC_ASM_17.827	1672	1679	-	15.05	CCGCGTTT
2-ACGCGTTT	STREME-2	evm.TU.HIC_ASM_10.820	2015	2022	-	15.05	CCGCGTTT
2-ACGCGTTT	STREME-2	evm.TU.HIC_ASM_1.1338	1295	1302	+	15.05	CCGCGTTT
2-ACGCGTTT	STREME-2	evm.TU.FRAGSCAFF_44__FRAGMENT_3.13	356	363	+	14.91	ACGCGTCT
2-ACGCGTTT	STREME-2	evm.TU.HIC_ASM_4.1547	1807	1814	-	14.91	ACGCGTCT
2-ACGCGTTT	STREME-2	evm.TU.HIC_ASM_2.1425	1854	1861	+	14.91	ACGCGTCT
2-ACGCGTTT	STREME-2	evm.TU.HIC_ASM_7.2385	1787	1794	+	14.91	ACGCGTCT
2-ACGCGTTT	STREME-2	evm.TU.HIC_ASM_5.1228	2637	2644	+	14.91	ACGCGTCT
2-ACGCGTTT	STREME-2	evm.TU.HIC_ASM_7.2386	2434	2441	-	14.91	ACGCGTCT
2-ACGCGTTT	STREME-2	evm.TU.HIC_ASM_2.227	2555	2562	+	14.91	ACGCGTCT
2-ACGCGTTT	STREME-2	evm.TU.HIC_ASM_17.1139	1398	1405	-	14.91	ACGCGTCT
2-ACGCGTTT	STREME-2	evm.TU.HIC_ASM_3.1396	2771	2778	+	14.91	ACGCGTCT
2-ACGCGTTT	STREME-2	evm.TU.HIC_ASM_1.426	986	993	-	14.91	ACGCGTCT
2-ACGCGTTT	STREME-2	evm.TU.HIC_ASM_9.331	2548	2555	-	14.91	ACGCGTCT
2-ACGCGTTT	STREME-2	evm.TU.HIC_ASM_8.1888	1694	1701	-	14.91	ACGCGTCT
2-ACGCGTTT	STREME-2	evm.TU.HIC_ASM_10.820	1456	1463	+	14.91	ACGCGTCT
2-ACGCGTTT	STREME-2	evm.TU.HIC_ASM_1.953	268	275	-	14.91	ACGCGTCT
2-ACGCGTTT	STREME-2	evm.TU.HIC_ASM_15.1238_evm.TU.HIC_ASM_15.1239	840	847	+	14.91	ACGCGTCT
2-ACGCGTTT	STREME-2	evm.TU.HIC_ASM_6.748	1805	1812	+	14.31	ACGCGTTA
2-ACGCGTTT	STREME-2	evm.TU.HIC_ASM_1.1312	2147	2154	+	14.31	ACGCGTTA
2-ACGCGTTT	STREME-2	evm.TU.HIC_ASM_1.1970	1071	1078	-	14.31	ACGCGTTA
2-ACGCGTTT	STREME-2	evm.TU.HIC_ASM_17.825	2378	2385	+	14.31	ACGCGTTA
2-ACGCGTTT	STREME-2	evm.TU.HIC_ASM_12.717	2898	2905	-	14.31	ACGCGTTA
2-ACGCGTTT	STREME-2	evm.TU.HIC_ASM_12.861	2898	2905	-	14.31	ACGCGTTA
2-ACGCGTTT	STREME-2	evm.TU.HIC_ASM_9.937	2	9	-	14.31	ACGCGTTA
2-ACGCGTTT	STREME-2	evm.TU.HIC_ASM_6.741	2255	2262	+	14.31	ACGCGTTA
2-ACGCGTTT	STREME-2	evm.TU.HIC_ASM_0.439	2525	2532	-	14.31	ACGCGTTA
2-ACGCGTTT	STREME-2	evm.TU.ORIGINAL_494.33	2817	2824	-	14.31	ACGCGTTA
2-ACGCGTTT	STREME-2	evm.TU.HIC_ASM_17.1139	1400	1407	+	14.31	ACGCGTTA
2-ACGCGTTT	STREME-2	evm.TU.HIC_ASM_3.1396	2769	2776	-	14.31	ACGCGTTA
2-ACGCGTTT	STREME-2	evm.TU.HIC_ASM_3.288	541	548	-	14.31	ACGCGTTA
2-ACGCGTTT	STREME-2	evm.TU.HIC_ASM_3.288	543	550	+	14.31	ACGCGTTA
2-ACGCGTTT	STREME-2	evm.TU.HIC_ASM_6.1477	1371	1378	+	14.31	ACGCGTTA
2-ACGCGTTT	STREME-2	evm.TU.HIC_ASM_7.2389	203	210	-	14.31	ACGCGTTA
2-ACGCGTTT	STREME-2	evm.TU.HIC_ASM_9.331	2550	2557	+	14.31	ACGCGTTA
2-ACGCGTTT	STREME-2	evm.TU.HIC_ASM_7.2227	924	931	-	14.31	ACGCGTTA
2-ACGCGTTT	STREME-2	evm.TU.HIC_ASM_7.2391	2695	2702	-	14.31	ACGCGTTA
2-ACGCGTTT	STREME-2	evm.TU.HIC_ASM_6.3611	2817	2824	-	14.31	ACGCGTTA
2-ACGCGTTT	STREME-2	evm.TU.HIC_ASM_7.2594	2695	2702	-	14.31	ACGCGTTA
2-ACGCGTTT	STREME-2	evm.TU.HIC_ASM_7.1916	1110	1117	-	14.24	CCGCGCTT
2-ACGCGTTT	STREME-2	evm.TU.HIC_ASM_7.2262	2610	2617	+	14.24	CCGCGCTT
2-ACGCGTTT	STREME-2	evm.TU.HIC_ASM_11.996	2412	2419	-	14.24	CCGCGCTT
2-ACGCGTTT	STREME-2	evm.TU.HIC_ASM_18.1051	2564	2571	+	14.24	CCGCGCTT
2-ACGCGTTT	STREME-2	evm.TU.HIC_ASM_7.1915	3185	3192	-	14.24	CCGCGCTT
2-ACGCGTTT	STREME-2	evm.TU.HIC_ASM_8.1888	252	259	+	14.21	ACGCGCGT
2-ACGCGTTT	STREME-2	evm.TU.HIC_ASM_4.1547	1809	1816	+	14.15	ACGCGTAT
2-ACGCGTTT	STREME-2	evm.TU.HIC_ASM_0.1003	2608	2615	+	14.15	ACGCGTAT
2-ACGCGTTT	STREME-2	evm.TU.HIC_ASM_2.1425	2697	2704	+	14.15	ACGCGTAT
2-ACGCGTTT	STREME-2	evm.TU.HIC_ASM_5.1231	2181	2188	+	14.15	ACGCGTAT
2-ACGCGTTT	STREME-2	evm.TU.HIC_ASM_7.2522	282	289	+	14.15	ACGCGTAT
2-ACGCGTTT	STREME-2	evm.TU.HIC_ASM_10.747	2815	2822	-	14.15	ACGCGTAT
2-ACGCGTTT	STREME-2	evm.TU.HIC_ASM_1.1314	103	110	-	14.15	ACGCGTAT
2-ACGCGTTT	STREME-2	evm.TU.HIC_ASM_15.927	2598	2605	+	14.15	ACGCGTAT
2-ACGCGTTT	STREME-2	evm.TU.HIC_ASM_16.1127	1474	1481	-	14.15	ACGCGTAT
2-ACGCGTTT	STREME-2	evm.TU.HIC_ASM_9.938	3184	3191	-	14.15	ACGCGTAT
2-ACGCGTTT	STREME-2	evm.TU.HIC_ASM_13.521	2160	2167	-	14.15	ACGCGTAT
2-ACGCGTTT	STREME-2	evm.TU.HIC_ASM_13.521	2162	2169	+	14.15	ACGCGTAT
2-ACGCGTTT	STREME-2	evm.TU.HIC_ASM_6.748	586	593	+	14.00	ACGCGTGT
2-ACGCGTTT	STREME-2	evm.TU.HIC_ASM_6.748	1803	1810	-	14.00	ACGCGTGT
2-ACGCGTTT	STREME-2	evm.TU.HIC_ASM_2.736	1	8	-	14.00	ACGCGTGT
2-ACGCGTTT	STREME-2	evm.TU.HIC_ASM_2.1425	2695	2702	-	14.00	ACGCGTGT
2-ACGCGTTT	STREME-2	evm.TU.HIC_ASM_10.1181	2756	2763	-	14.00	ACGCGTGT
2-ACGCGTTT	STREME-2	evm.TU.HIC_ASM_4.1070	1131	1138	-	14.00	ACGCGTGT
2-ACGCGTTT	STREME-2	evm.TU.HIC_ASM_9.1355	874	881	-	14.00	ACGCGTGT
2-ACGCGTTT	STREME-2	evm.TU.HIC_ASM_9.937	4	11	+	14.00	ACGCGTGT
2-ACGCGTTT	STREME-2	evm.TU.HIC_ASM_5.1231	1022	1029	-	14.00	ACGCGTGT
2-ACGCGTTT	STREME-2	evm.TU.HIC_ASM_14.709	2144	2151	-	14.00	ACGCGTGT
2-ACGCGTTT	STREME-2	evm.TU.HIC_ASM_9.1248	2330	2337	-	14.00	ACGCGTGT
2-ACGCGTTT	STREME-2	evm.TU.HIC_ASM_3.1501	108	115	-	14.00	ACGCGTGT
2-ACGCGTTT	STREME-2	evm.TU.HIC_ASM_14.239	1074	1081	-	14.00	ACGCGTGT
2-ACGCGTTT	STREME-2	evm.TU.HIC_ASM_16.1162	2189	2196	+	14.00	ACGCGTGT
2-ACGCGTTT	STREME-2	evm.TU.HIC_ASM_15.668	565	572	-	14.00	ACGCGTGT
2-ACGCGTTT	STREME-2	evm.TU.HIC_ASM_18.1142	864	871	+	14.00	ACGCGTGT
2-ACGCGTTT	STREME-2	evm.TU.HIC_ASM_13.702	2303	2310	+	13.92	GCGCGTTT
2-ACGCGTTT	STREME-2	evm.TU.HIC_ASM_6.3133	2904	2911	+	13.92	GCGCGTTT
2-ACGCGTTT	STREME-2	evm.TU.HIC_ASM_10.1181	1428	1435	+	13.92	GCGCGTTT
2-ACGCGTTT	STREME-2	evm.TU.HIC_ASM_4.1070	1386	1393	-	13.92	GCGCGTTT
2-ACGCGTTT	STREME-2	evm.TU.HIC_ASM_4.1070	1469	1476	-	13.92	GCGCGTTT
2-ACGCGTTT	STREME-2	evm.TU.HIC_ASM_15.2673	852	859	-	13.92	GCGCGTTT
2-ACGCGTTT	STREME-2	evm.TU.HIC_ASM_6.1068	3156	3163	-	13.92	GCGCGTTT
2-ACGCGTTT	STREME-2	evm.TU.HIC_ASM_9.571	1755	1762	+	13.92	GCGCGTTT
2-ACGCGTTT	STREME-2	evm.TU.HIC_ASM_6.243	609	616	+	13.92	GCGCGTTT
2-ACGCGTTT	STREME-2	evm.TU.HIC_ASM_1.1060	2863	2870	-	13.92	GCGCGTTT
2-ACGCGTTT	STREME-2	evm.TU.HIC_ASM_15.927	1587	1594	+	13.92	GCGCGTTT
2-ACGCGTTT	STREME-2	evm.TU.HIC_ASM_4.1540	1170	1177	+	13.92	GCGCGTTT
2-ACGCGTTT	STREME-2	evm.TU.HIC_ASM_11.1060	2865	2872	-	13.92	GCGCGTTT
2-ACGCGTTT	STREME-2	evm.TU.HIC_ASM_16.1319	2868	2875	-	13.92	GCGCGTTT
2-ACGCGTTT	STREME-2	evm.TU.HIC_ASM_16.521	2325	2332	+	13.92	GCGCGTTT
2-ACGCGTTT	STREME-2	evm.TU.HIC_ASM_3.1802	1008	1015	-	13.92	GCGCGTTT
2-ACGCGTTT	STREME-2	evm.TU.HIC_ASM_13.780	2630	2637	+	13.92	GCGCGTTT
2-ACGCGTTT	STREME-2	evm.TU.HIC_ASM_17.827	600	607	-	13.92	GCGCGTTT
2-ACGCGTTT	STREME-2	evm.TU.HIC_ASM_13.521	2294	2301	+	13.92	GCGCGTTT
2-ACGCGTTT	STREME-2	evm.TU.HIC_ASM_4.997	2546	2553	-	13.92	GCGCGTTT
2-ACGCGTTT	STREME-2	evm.TU.HIC_ASM_5.114	1118	1125	+	13.84	ACGCGTTC
2-ACGCGTTT	STREME-2	evm.TU.HIC_ASM_6.748	584	591	-	13.84	ACGCGTTC
2-ACGCGTTT	STREME-2	evm.TU.HIC_ASM_8.2000	505	512	+	13.84	ACGCGTTC
2-ACGCGTTT	STREME-2	evm.TU.HIC_ASM_1.1970	1073	1080	+	13.84	ACGCGTTC
2-ACGCGTTT	STREME-2	evm.TU.HIC_ASM_18.217	2571	2578	-	13.84	ACGCGTTC
2-ACGCGTTT	STREME-2	evm.TU.HIC_ASM_7.2246	1039	1046	+	13.84	ACGCGTTC
2-ACGCGTTT	STREME-2	evm.TU.HIC_ASM_5.1231	1024	1031	+	13.84	ACGCGTTC
2-ACGCGTTT	STREME-2	evm.TU.HIC_ASM_14.709	2146	2153	+	13.84	ACGCGTTC
2-ACGCGTTT	STREME-2	evm.TU.HIC_ASM_6.741	2308	2315	+	13.84	ACGCGTTC
2-ACGCGTTT	STREME-2	evm.TU.HIC_ASM_4.1029	2422	2429	-	13.84	ACGCGTTC
2-ACGCGTTT	STREME-2	evm.TU.HIC_ASM_7.605	172	179	-	13.84	ACGCGTTC
2-ACGCGTTT	STREME-2	evm.TU.HIC_ASM_9.938	2619	2626	+	13.84	ACGCGTTC
2-ACGCGTTT	STREME-2	evm.TU.HIC_ASM_10.820	1454	1461	-	13.84	ACGCGTTC
2-ACGCGTTT	STREME-2	evm.TU.HIC_ASM_3.989	1632	1639	+	13.84	ACGCGTTC
2-ACGCGTTT	STREME-2	evm.TU.HIC_ASM_13.702	2054	2061	-	13.65	CCGCGGTT
2-ACGCGTTT	STREME-2	evm.TU.HIC_ASM_11.1103	889	896	+	13.65	CCGCGGTT
2-ACGCGTTT	STREME-2	evm.TU.HIC_ASM_12.146	2300	2307	-	13.65	CCGCGGTT
2-ACGCGTTT	STREME-2	evm.TU.HIC_ASM_4.538	1587	1594	-	13.65	CCGCGGTT
2-ACGCGTTT	STREME-2	evm.TU.HIC_ASM_15.1293	3180	3187	+	13.65	CCGCGGTT
2-ACGCGTTT	STREME-2	evm.TU.HIC_ASM_6.1477	1472	1479	-	13.65	CCGCGGTT
2-ACGCGTTT	STREME-2	evm.TU.HIC_ASM_13.521	1058	1065	-	13.65	CCGCGGTT
2-ACGCGTTT	STREME-2	evm.TU.HIC_ASM_1.147	691	698	+	13.65	CCGCGGTT
2-ACGCGTTT	STREME-2	evm.TU.HIC_ASM_1.1312	2849	2856	+	13.55	ACGCGCCT
2-ACGCGTTT	STREME-2	evm.TU.HIC_ASM_9.489	1878	1885	-	13.55	ACGCGCCT
2-ACGCGTTT	STREME-2	evm.TU.HIC_ASM_15.2131	160	167	-	13.55	ACGCGCCT
2-ACGCGTTT	STREME-2	evm.TU.HIC_ASM_7.279	893	900	-	13.55	ACGCGCCT
#
3-CRCGYG	STREME-3	evm.TU.HIC_ASM_4.1547	1847	1852	+	15.54	CGCGCG
3-CRCGYG	STREME-3	evm.TU.HIC_ASM_8.768	2666	2671	+	15.54	CGCGCG
3-CRCGYG	STREME-3	evm.TU.HIC_ASM_8.768	2668	2673	+	15.54	CGCGCG
3-CRCGYG	STREME-3	evm.TU.HIC_ASM_8.768	2670	2675	+	15.54	CGCGCG
3-CRCGYG	STREME-3	evm.TU.HIC_ASM_7.201	2812	2817	+	15.54	CGCGCG
3-CRCGYG	STREME-3	evm.TU.HIC_ASM_1.1312	564	569	+	15.54	CGCGCG
3-CRCGYG	STREME-3	evm.TU.HIC_ASM_11.608	2759	2764	+	15.54	CGCGCG
3-CRCGYG	STREME-3	evm.TU.HIC_ASM_9.489	2792	2797	+	15.54	CGCGCG
3-CRCGYG	STREME-3	evm.TU.HIC_ASM_9.489	2794	2799	+	15.54	CGCGCG
3-CRCGYG	STREME-3	evm.TU.HIC_ASM_4.1070	1066	1071	+	15.54	CGCGCG
3-CRCGYG	STREME-3	evm.TU.HIC_ASM_10.975	1245	1250	+	15.54	CGCGCG
3-CRCGYG	STREME-3	evm.TU.HIC_ASM_9.1024	2807	2812	+	15.54	CGCGCG
3-CRCGYG	STREME-3	evm.TU.HIC_ASM_15.2673	256	261	+	15.54	CGCGCG
3-CRCGYG	STREME-3	evm.TU.HIC_ASM_15.2673	258	263	+	15.54	CGCGCG
3-CRCGYG	STREME-3	evm.TU.HIC_ASM_15.2673	260	265	+	15.54	CGCGCG
3-CRCGYG	STREME-3	evm.TU.HIC_ASM_15.2673	262	267	+	15.54	CGCGCG
3-CRCGYG	STREME-3	evm.TU.HIC_ASM_0.542	576	581	+	15.54	CGCGCG
3-CRCGYG	STREME-3	evm.TU.HIC_ASM_6.2260	943	948	+	15.54	CGCGCG
3-CRCGYG	STREME-3	evm.TU.HIC_ASM_1.2166	613	618	+	15.54	CGCGCG
3-CRCGYG	STREME-3	evm.TU.HIC_ASM_9.934	1348	1353	+	15.54	CGCGCG
3-CRCGYG	STREME-3	evm.TU.HIC_ASM_2.983	329	334	+	15.54	CGCGCG
3-CRCGYG	STREME-3	evm.TU.HIC_ASM_8.1234	2809	2814	+	15.54	CGCGCG
3-CRCGYG	STREME-3	evm.TU.HIC_ASM_1.697	2665	2670	+	15.54	CGCGCG
3-CRCGYG	STREME-3	evm.TU.HIC_ASM_7.1665	1692	1697	+	15.54	CGCGCG
3-CRCGYG	STREME-3	evm.TU.HIC_ASM_1.445	9	14	+	15.54	CGCGCG
3-CRCGYG	STREME-3	evm.TU.HIC_ASM_9.1414	1128	1133	+	15.54	CGCGCG
3-CRCGYG	STREME-3	evm.TU.HIC_ASM_7.279	650	655	+	15.54	CGCGCG
3-CRCGYG	STREME-3	evm.TU.HIC_ASM_7.279	1081	1086	+	15.54	CGCGCG
3-CRCGYG	STREME-3	evm.TU.HIC_ASM_10.486	550	555	+	15.54	CGCGCG
3-CRCGYG	STREME-3	evm.TU.HIC_ASM_3.133	568	573	+	15.54	CGCGCG
3-CRCGYG	STREME-3	evm.TU.HIC_ASM_3.133	570	575	+	15.54	CGCGCG
3-CRCGYG	STREME-3	evm.TU.HIC_ASM_7.1537	574	579	+	15.54	CGCGCG
3-CRCGYG	STREME-3	evm.TU.HIC_ASM_6.1477	45	50	+	15.54	CGCGCG
3-CRCGYG	STREME-3	evm.TU.HIC_ASM_6.1477	47	52	+	15.54	CGCGCG
3-CRCGYG	STREME-3	evm.TU.HIC_ASM_6.1477	49	54	+	15.54	CGCGCG
3-CRCGYG	STREME-3	evm.TU.HIC_ASM_8.1888	253	258	+	15.54	CGCGCG
3-CRCGYG	STREME-3	evm.TU.HIC_ASM_10.820	1675	1680	+	15.54	CGCGCG
3-CRCGYG	STREME-3	evm.TU.HIC_ASM_1.1999	2474	2479	+	15.54	CGCGCG
3-CRCGYG	STREME-3	evm.TU.HIC_ASM_2.855	2668	2673	+	15.54	CGCGCG
3-CRCGYG	STREME-3	evm.TU.FRAGSCAFF_44__FRAGMENT_3.13	355	360	-	13.47	CGCGTG
3-CRCGYG	STREME-3	evm.TU.HIC_ASM_4.1547	1849	1854	+	13.47	CGCGTG
3-CRCGYG	STREME-3	evm.TU.HIC_ASM_6.1745	2406	2411	+	13.47	CGCGTG
3-CRCGYG	STREME-3	evm.TU.HIC_ASM_8.768	2672	2677	+	13.47	CGCGTG
3-CRCGYG	STREME-3	evm.TU.HIC_ASM_15.2349	1636	1641	+	13.47	CGCGTG
3-CRCGYG	STREME-3	evm.TU.HIC_ASM_6.748	587	592	+	13.47	CGCGTG
3-CRCGYG	STREME-3	evm.TU.HIC_ASM_6.748	1804	1809	-	13.47	CGCGTG
3-CRCGYG	STREME-3	evm.TU.HIC_ASM_9.1241	1444	1449	-	13.47	CGCGTG
3-CRCGYG	STREME-3	evm.TU.HIC_ASM_2.732	1767	1772	+	13.47	CGCGTG
3-CRCGYG	STREME-3	evm.TU.HIC_ASM_2.732	2350	2355	-	13.47	CGCGTG
3-CRCGYG	STREME-3	evm.TU.HIC_ASM_8.2000	504	509	-	13.47	CGCGTG
3-CRCGYG	STREME-3	evm.TU.HIC_ASM_8.2000	2586	2591	-	13.47	CGCGTG
3-CRCGYG	STREME-3	evm.TU.HIC_ASM_1.1970	3182	3187	+	13.47	CGCGTG
3-CRCGYG	STREME-3	evm.TU.HIC_ASM_2.757	2833	2838	-	13.47	CGCGTG
3-CRCGYG	STREME-3	evm.TU.HIC_ASM_2.952	2296	2301	+	13.47	CGCGTG
3-CRCGYG	STREME-3	evm.TU.HIC_ASM_3.1719_evm.TU.HIC_ASM_3.1720	1963	1968	-	13.47	CGCGTG
3-CRCGYG	STREME-3	evm.TU.HIC_ASM_2.736	2	7	-	13.47	CGCGTG
3-CRCGYG	STREME-3	evm.TU.HIC_ASM_2.736	2389	2394	+	13.47	CGCGTG
3-CRCGYG	STREME-3	evm.TU.HIC_ASM_0.1003	2607	2612	-	13.47	CGCGTG
3-CRCGYG	STREME-3	evm.TU.HIC_ASM_6.3133	2788	2793	-	13.47	CGCGTG
3-CRCGYG	STREME-3	evm.TU.HIC_ASM_2.1425	2696	2701	-	13.47	CGCGTG
3-CRCGYG	STREME-3	evm.TU.HIC_ASM_15.485	286	291	+	13.47	CGCGTG
3-CRCGYG	STREME-3	evm.TU.HIC_ASM_15.485	2162	2167	+	13.47	CGCGTG
3-CRCGYG	STREME-3	evm.TU.HIC_ASM_9.489	2761	2766	-	13.47	CGCGTG
3-CRCGYG	STREME-3	evm.TU.HIC_ASM_3.1170	788	793	-	13.47	CGCGTG
3-CRCGYG	STREME-3	evm.TU.HIC_ASM_3.1170	1292	1297	+	13.47	CGCGTG
3-CRCGYG	STREME-3	evm.TU.HIC_ASM_14.1158	108	113	+	13.47	CGCGTG
3-CRCGYG	STREME-3	evm.TU.HIC_ASM_14.1158	600	605	+	13.47	CGCGTG
3-CRCGYG	STREME-3	evm.TU.HIC_ASM_10.1181	2757	2762	-	13.47	CGCGTG
3-CRCGYG	STREME-3	evm.TU.HIC_ASM_4.1070	1068	1073	+	13.47	CGCGTG
3-CRCGYG	STREME-3	evm.TU.HIC_ASM_4.1070	1132	1137	-	13.47	CGCGTG
3-CRCGYG	STREME-3	evm.TU.HIC_ASM_4.1070	1160	1165	-	13.47	CGCGTG
3-CRCGYG	STREME-3	evm.TU.HIC_ASM_4.1070	1394	1399	-	13.47	CGCGTG
3-CRCGYG	STREME-3	evm.TU.HIC_ASM_4.1070	2836	2841	+	13.47	CGCGTG
3-CRCGYG	STREME-3	evm.TU.HIC_ASM_18.563	2182	2187	+	13.47	CGCGTG
3-CRCGYG	STREME-3	evm.TU.HIC_ASM_9.1355	875	880	-	13.47	CGCGTG
3-CRCGYG	STREME-3	evm.TU.HIC_ASM_9.1355	1488	1493	+	13.47	CGCGTG
3-CRCGYG	STREME-3	evm.TU.HIC_ASM_9.1355	2978	2983	-	13.47	CGCGTG
3-CRCGYG	STREME-3	evm.TU.HIC_ASM_10.975	2100	2105	+	13.47	CGCGTG
3-CRCGYG	STREME-3	evm.TU.HIC_ASM_9.1024	2805	2810	-	13.47	CGCGTG
3-CRCGYG	STREME-3	evm.TU.HIC_ASM_9.937	5	10	+	13.47	CGCGTG
3-CRCGYG	STREME-3	evm.TU.HIC_ASM_15.2673	2178	2183	-	13.47	CGCGTG
3-CRCGYG	STREME-3	evm.TU.HIC_ASM_12.667	2930	2935	+	13.47	CGCGTG
3-CRCGYG	STREME-3	evm.TU.HIC_ASM_6.2260	861	866	-	13.47	CGCGTG
3-CRCGYG	STREME-3	evm.TU.HIC_ASM_6.2260	2533	2538	-	13.47	CGCGTG
3-CRCGYG	STREME-3	evm.TU.HIC_ASM_5.1231	1023	1028	-	13.47	CGCGTG
3-CRCGYG	STREME-3	evm.TU.HIC_ASM_5.1231	2089	2094	-	13.47	CGCGTG
3-CRCGYG	STREME-3	evm.TU.HIC_ASM_0.153	2028	2033	-	13.47	CGCGTG
3-CRCGYG	STREME-3	evm.TU.HIC_ASM_7.2597	2568	2573	-	13.47	CGCGTG
3-CRCGYG	STREME-3	evm.TU.HIC_ASM_10.1012	2642	2647	+	13.47	CGCGTG
3-CRCGYG	STREME-3	evm.TU.HIC_ASM_14.709	2145	2150	-	13.47	CGCGTG
3-CRCGYG	STREME-3	evm.TU.HIC_ASM_15.2351	1620	1625	+	13.47	CGCGTG
3-CRCGYG	STREME-3	evm.TU.HIC_ASM_9.1248	789	794	-	13.47	CGCGTG
3-CRCGYG	STREME-3	evm.TU.HIC_ASM_9.1248	2331	2336	-	13.47	CGCGTG
3-CRCGYG	STREME-3	evm.TU.HIC_ASM_12.45	2824	2829	-	13.47	CGCGTG
3-CRCGYG	STREME-3	evm.TU.HIC_ASM_15.2131	1110	1115	-	13.47	CGCGTG
3-CRCGYG	STREME-3	evm.TU.FRAGSCAFF_27__FRAGMENT_2.28	1501	1506	+	13.47	CGCGTG
3-CRCGYG	STREME-3	evm.TU.HIC_ASM_7.1891	787	792	-	13.47	CGCGTG
3-CRCGYG	STREME-3	evm.TU.HIC_ASM_6.741	2254	2259	-	13.47	CGCGTG
3-CRCGYG	STREME-3	evm.TU.HIC_ASM_6.741	2307	2312	-	13.47	CGCGTG
3-CRCGYG	STREME-3	evm.TU.HIC_ASM_13.838	1181	1186	-	13.47	CGCGTG
3-CRCGYG	STREME-3	evm.TU.HIC_ASM_13.838	2074	2079	+	13.47	CGCGTG
3-CRCGYG	STREME-3	evm.TU.HIC_ASM_6.2853	1731	1736	+	13.47	CGCGTG
3-CRCGYG	STREME-3	evm.TU.HIC_ASM_8.1234	2807	2812	-	13.47	CGCGTG
3-CRCGYG	STREME-3	evm.TU.HIC_ASM_1.697	2663	2668	-	13.47	CGCGTG
3-CRCGYG	STREME-3	evm.TU.HIC_ASM_0.439	2528	2533	+	13.47	CGCGTG
3-CRCGYG	STREME-3	evm.TU.HIC_ASM_2.227	2146	2151	-	13.47	CGCGTG
3-CRCGYG	STREME-3	evm.TU.HIC_ASM_2.227	2554	2559	-	13.47	CGCGTG
3-CRCGYG	STREME-3	evm.TU.HIC_ASM_3.1501	109	114	-	13.47	CGCGTG
3-CRCGYG	STREME-3	evm.TU.HIC_ASM_4.1002	1564	1569	-	13.47	CGCGTG
3-CRCGYG	STREME-3	evm.TU.HIC_ASM_1.1314	106	111	+	13.47	CGCGTG
3-CRCGYG	STREME-3	evm.TU.HIC_ASM_8.1432	947	952	+	13.47	CGCGTG
3-CRCGYG	STREME-3	evm.TU.HIC_ASM_8.1432	1505	1510	-	13.47	CGCGTG
3-CRCGYG	STREME-3	evm.TU.HIC_ASM_14.239	1075	1080	-	13.47	CGCGTG
3-CRCGYG	STREME-3	evm.TU.HIC_ASM_4.638	2542	2547	+	13.47	CGCGTG
3-CRCGYG	STREME-3	evm.TU.HIC_ASM_16.1162	2054	2059	-	13.47	CGCGTG
3-CRCGYG	STREME-3	evm.TU.HIC_ASM_16.1162	2190	2195	+	13.47	CGCGTG
3-CRCGYG	STREME-3	evm.TU.HIC_ASM_8.822	336	341	+	13.47	CGCGTG
3-CRCGYG	STREME-3	evm.TU.HIC_ASM_8.822	2711	2716	+	13.47	CGCGTG
3-CRCGYG	STREME-3	evm.TU.HIC_ASM_8.822	2827	2832	+	13.47	CGCGTG
3-CRCGYG	STREME-3	evm.TU.HIC_ASM_4.1540	1914	1919	-	13.47	CGCGTG
3-CRCGYG	STREME-3	evm.TU.HIC_ASM_2.1305	88	93	+	13.47	CGCGTG
3-CRCGYG	STREME-3	evm.TU.HIC_ASM_15.1293	1970	1975	+	13.47	CGCGTG
3-CRCGYG	STREME-3	evm.TU.HIC_ASM_9.1414	1130	1135	+	13.47	CGCGTG
3-CRCGYG	STREME-3	evm.TU.HIC_ASM_8.1614	2568	2573	-	13.47	CGCGTG
3-CRCGYG	STREME-3	evm.TU.HIC_ASM_8.1614	2759	2764	-	13.47	CGCGTG
3-CRCGYG	STREME-3	evm.TU.HIC_ASM_11.1060	2366	2371	+	13.47	CGCGTG
3-CRCGYG	STREME-3	evm.TU.HIC_ASM_7.2394	2566	2571	-	13.47	CGCGTG
3-CRCGYG	STREME-3	evm.TU.HIC_ASM_7.279	204	209	-	13.47	CGCGTG
3-CRCGYG	STREME-3	evm.TU.HIC_ASM_7.279	814	819	+	13.47	CGCGTG
3-CRCGYG	STREME-3	evm.TU.HIC_ASM_10.486	552	557	+	13.47	CGCGTG
3-CRCGYG	STREME-3	evm.TU.HIC_ASM_10.486	1180	1185	+	13.47	CGCGTG
3-CRCGYG	STREME-3	evm.TU.HIC_ASM_3.1396	2692	2697	-	13.47	CGCGTG
3-CRCGYG	STREME-3	evm.TU.HIC_ASM_3.133	572	577	+	13.47	CGCGTG
3-CRCGYG	STREME-3	evm.TU.HIC_ASM_4.1029	1756	1761	+	13.47	CGCGTG
3-CRCGYG	STREME-3	evm.TU.HIC_ASM_4.1029	1802	1807	+	13.47	CGCGTG
3-CRCGYG	STREME-3	evm.TU.HIC_ASM_9.1865	2013	2018	-	13.47	CGCGTG
3-CRCGYG	STREME-3	evm.TU.HIC_ASM_1.426	989	994	+	13.47	CGCGTG
3-CRCGYG	STREME-3	evm.TU.HIC_ASM_15.2350	1624	1629	+	13.47	CGCGTG
3-CRCGYG	STREME-3	evm.TU.HIC_ASM_12.948	924	929	-	13.47	CGCGTG
3-CRCGYG	STREME-3	evm.TU.HIC_ASM_15.668	566	571	-	13.47	CGCGTG
3-CRCGYG	STREME-3	evm.TU.HIC_ASM_15.668	702	707	-	13.47	CGCGTG
3-CRCGYG	STREME-3	evm.TU.HIC_ASM_8.1263	52	57	+	13.47	CGCGTG
3-CRCGYG	STREME-3	evm.TU.HIC_ASM_8.1263	2824	2829	+	13.47	CGCGTG
3-CRCGYG	STREME-3	evm.TU.HIC_ASM_6.1477	2159	2164	-	13.47	CGCGTG
3-CRCGYG	STREME-3	evm.TU.HIC_ASM_15.1795	1035	1040	+	13.47	CGCGTG
3-CRCGYG	STREME-3	evm.TU.HIC_ASM_15.1923	1678	1683	+	13.47	CGCGTG
3-CRCGYG	STREME-3	evm.TU.HIC_ASM_15.486	1722	1727	+	13.47	CGCGTG
3-CRCGYG	STREME-3	evm.TU.HIC_ASM_11.228	2881	2886	-	13.47	CGCGTG
3-CRCGYG	STREME-3	evm.TU.HIC_ASM_9.938	1338	1343	-	13.47	CGCGTG
3-CRCGYG	STREME-3	evm.TU.HIC_ASM_9.938	3187	3192	+	13.47	CGCGTG
3-CRCGYG	STREME-3	evm.TU.HIC_ASM_18.1142	863	868	-	13.47	CGCGTG
3-CRCGYG	STREME-3	evm.TU.HIC_ASM_18.1142	865	870	+	13.47	CGCGTG
3-CRCGYG	STREME-3	evm.TU.HIC_ASM_13.951	2834	2839	+	13.47	CGCGTG
3-CRCGYG	STREME-3	evm.TU.HIC_ASM_8.1888	251	256	-	13.47	CGCGTG
3-CRCGYG	STREME-3	evm.TU.HIC_ASM_8.1888	1697	1702	+	13.47	CGCGTG
3-CRCGYG	STREME-3	evm.TU.HIC_ASM_8.1888	2691	2696	+	13.47	CGCGTG
3-CRCGYG	STREME-3	evm.TU.HIC_ASM_10.820	1677	1682	+	13.47	CGCGTG
3-CRCGYG	STREME-3	evm.TU.HIC_ASM_7.2589	2270	2275	+	13.47	CGCGTG
3-CRCGYG	STREME-3	evm.TU.HIC_ASM_1.1657	344	349	-	13.47	CGCGTG
3-CRCGYG	STREME-3	evm.TU.HIC_ASM_1.1657	2928	2933	-	13.47	CGCGTG
3-CRCGYG	STREME-3	evm.TU.HIC_ASM_1.1657	2930	2935	+	13.47	CGCGTG
3-CRCGYG	STREME-3	evm.TU.HIC_ASM_11.82	2879	2884	-	13.47	CGCGTG
3-CRCGYG	STREME-3	evm.TU.HIC_ASM_3.989	747	752	-	13.47	CGCGTG
3-CRCGYG	STREME-3	evm.TU.HIC_ASM_3.989	1631	1636	-	13.47	CGCGTG
3-CRCGYG	STREME-3	evm.TU.HIC_ASM_3.989	2755	2760	-	13.47	CGCGTG
3-CRCGYG	STREME-3	evm.TU.HIC_ASM_15.1238_evm.TU.HIC_ASM_15.1239	839	844	-	13.47	CGCGTG
3-CRCGYG	STREME-3	evm.TU.HIC_ASM_1.1999	2314	2319	+	13.47	CGCGTG
3-CRCGYG	STREME-3	evm.TU.HIC_ASM_1.1999	2463	2468	+	13.47	CGCGTG
3-CRCGYG	STREME-3	evm.TU.HIC_ASM_4.556	3035	3040	-	13.47	CGCGTG
3-CRCGYG	STREME-3	evm.TU.HIC_ASM_8.434	1513	1518	-	13.47	CGCGTG
3-CRCGYG	STREME-3	evm.TU.HIC_ASM_8.434	1515	1520	+	13.47	CGCGTG
3-CRCGYG	STREME-3	evm.TU.HIC_ASM_2.1092	458	463	+	13.47	CGCGTG
3-CRCGYG	STREME-3	evm.TU.HIC_ASM_17.828	1056	1061	+	13.47	CGCGTG
3-CRCGYG	STREME-3	evm.TU.HIC_ASM_8.929	2711	2716	+	13.47	CGCGTG
3-CRCGYG	STREME-3	evm.TU.HIC_ASM_8.929	2827	2832	+	13.47	CGCGTG
3-CRCGYG	STREME-3	evm.TU.HIC_ASM_7.2391	880	885	+	13.47	CGCGTG
3-CRCGYG	STREME-3	evm.TU.HIC_ASM_13.992	752	757	+	13.47	CGCGTG
3-CRCGYG	STREME-3	evm.TU.HIC_ASM_13.992	1167	1172	-	13.47	CGCGTG
3-CRCGYG	STREME-3	evm.TU.HIC_ASM_17.218	1724	1729	+	13.47	CGCGTG
3-CRCGYG	STREME-3	evm.TU.HIC_ASM_7.1442	2847	2852	-	13.47	CGCGTG
3-CRCGYG	STREME-3	evm.TU.HIC_ASM_14.703	2722	2727	-	13.47	CGCGTG
3-CRCGYG	STREME-3	evm.TU.HIC_ASM_2.855	2682	2687	+	13.47	CGCGTG
3-CRCGYG	STREME-3	evm.TU.HIC_ASM_6.1745	1506	1511	+	11.40	CACGTG
3-CRCGYG	STREME-3	evm.TU.HIC_ASM_6.1745	1649	1654	+	11.40	CACGTG
3-CRCGYG	STREME-3	evm.TU.HIC_ASM_7.674	263	268	+	11.40	CACGTG
3-CRCGYG	STREME-3	evm.TU.HIC_ASM_7.2111	29	34	+	11.40	CACGTG
3-CRCGYG	STREME-3	evm.TU.HIC_ASM_7.2111	3153	3158	+	11.40	CACGTG
3-CRCGYG	STREME-3	evm.TU.HIC_ASM_5.164	2785	2790	+	11.40	CACGTG
3-CRCGYG	STREME-3	evm.TU.HIC_ASM_5.164	2910	2915	+	11.40	CACGTG
3-CRCGYG	STREME-3	evm.TU.HIC_ASM_18.731	2772	2777	+	11.40	CACGTG
3-CRCGYG	STREME-3	evm.TU.HIC_ASM_18.731	2843	2848	+	11.40	CACGTG
3-CRCGYG	STREME-3	evm.TU.HIC_ASM_7.1107	2824	2829	+	11.40	CACGTG
3-CRCGYG	STREME-3	evm.TU.HIC_ASM_7.201	177	182	+	11.40	CACGTG
3-CRCGYG	STREME-3	evm.TU.HIC_ASM_15.2349	2335	2340	+	11.40	CACGTG
3-CRCGYG	STREME-3	evm.TU.HIC_ASM_9.1241	2526	2531	+	11.40	CACGTG
3-CRCGYG	STREME-3	evm.TU.HIC_ASM_9.1241	2537	2542	+	11.40	CACGTG
3-CRCGYG	STREME-3	evm.TU.HIC_ASM_1.1312	2762	2767	+	11.40	CACGTG
3-CRCGYG	STREME-3	evm.TU.HIC_ASM_1.1312	2809	2814	+	11.40	CACGTG
3-CRCGYG	STREME-3	evm.TU.HIC_ASM_2.732	198	203	+	11.40	CACGTG
3-CRCGYG	STREME-3	evm.TU.HIC_ASM_2.732	369	374	+	11.40	CACGTG
3-CRCGYG	STREME-3	evm.TU.HIC_ASM_2.732	648	653	+	11.40	CACGTG
3-CRCGYG	STREME-3	evm.TU.HIC_ASM_8.2000	1110	1115	+	11.40	CACGTG
3-CRCGYG	STREME-3	evm.TU.HIC_ASM_3.1719_evm.TU.HIC_ASM_3.1720	2720	2725	+	11.40	CACGTG
3-CRCGYG	STREME-3	evm.TU.HIC_ASM_7.1280	2411	2416	+	11.40	CACGTG
3-CRCGYG	STREME-3	evm.TU.HIC_ASM_7.1280	2815	2820	+	11.40	CACGTG
3-CRCGYG	STREME-3	evm.TU.HIC_ASM_0.1003	729	734	+	11.40	CACGTG
3-CRCGYG	STREME-3	evm.TU.HIC_ASM_6.3133	1764	1769	+	11.40	CACGTG
3-CRCGYG	STREME-3	evm.TU.HIC_ASM_2.1425	1845	1850	+	11.40	CACGTG
3-CRCGYG	STREME-3	evm.TU.HIC_ASM_2.1425	2215	2220	+	11.40	CACGTG
3-CRCGYG	STREME-3	evm.TU.HIC_ASM_4.1311	2839	2844	+	11.40	CACGTG
3-CRCGYG	STREME-3	evm.TU.HIC_ASM_17.825	1914	1919	+	11.40	CACGTG
3-CRCGYG	STREME-3	evm.TU.HIC_ASM_3.2162	400	405	+	11.40	CACGTG
3-CRCGYG	STREME-3	evm.TU.HIC_ASM_1.994	2208	2213	+	11.40	CACGTG
3-CRCGYG	STREME-3	evm.TU.HIC_ASM_3.1170	2406	2411	+	11.40	CACGTG
3-CRCGYG	STREME-3	evm.TU.HIC_ASM_10.255	2084	2089	+	11.40	CACGTG
3-CRCGYG	STREME-3	evm.TU.HIC_ASM_10.255	2163	2168	+	11.40	CACGTG
3-CRCGYG	STREME-3	evm.TU.HIC_ASM_14.1158	684	689	+	11.40	CACGTG
3-CRCGYG	STREME-3	evm.TU.HIC_ASM_18.217	3185	3190	+	11.40	CACGTG
3-CRCGYG	STREME-3	evm.TU.HIC_ASM_3.586	506	511	+	11.40	CACGTG
3-CRCGYG	STREME-3	evm.TU.HIC_ASM_3.586	2472	2477	+	11.40	CACGTG
3-CRCGYG	STREME-3	evm.TU.HIC_ASM_4.1070	1060	1065	+	11.40	CACGTG
3-CRCGYG	STREME-3	evm.TU.HIC_ASM_9.1355	2856	2861	+	11.40	CACGTG
3-CRCGYG	STREME-3	evm.TU.HIC_ASM_2.1280	1093	1098	+	11.40	CACGTG
3-CRCGYG	STREME-3	evm.TU.HIC_ASM_10.975	904	909	+	11.40	CACGTG
3-CRCGYG	STREME-3	evm.TU.HIC_ASM_6.2624	2343	2348	+	11.40	CACGTG
3-CRCGYG	STREME-3	evm.TU.HIC_ASM_8.392	1885	1890	+	11.40	CACGTG
3-CRCGYG	STREME-3	evm.TU.HIC_ASM_11.996	1551	1556	+	11.40	CACGTG
3-CRCGYG	STREME-3	evm.TU.HIC_ASM_11.996	2034	2039	+	11.40	CACGTG
3-CRCGYG	STREME-3	evm.TU.HIC_ASM_11.996	2120	2125	+	11.40	CACGTG
3-CRCGYG	STREME-3	evm.TU.HIC_ASM_0.214	748	753	+	11.40	CACGTG
3-CRCGYG	STREME-3	evm.TU.HIC_ASM_15.2673	2249	2254	+	11.40	CACGTG
3-CRCGYG	STREME-3	evm.TU.HIC_ASM_12.667	2916	2921	+	11.40	CACGTG
3-CRCGYG	STREME-3	evm.TU.HIC_ASM_11.1317	4	9	+	11.40	CACGTG
3-CRCGYG	STREME-3	evm.TU.HIC_ASM_11.1317	1442	1447	+	11.40	CACGTG
3-CRCGYG	STREME-3	evm.TU.HIC_ASM_17.506	5	10	+	11.40	CACGTG
3-CRCGYG	STREME-3	evm.TU.HIC_ASM_0.542	796	801	+	11.40	CACGTG
3-CRCGYG	STREME-3	evm.TU.HIC_ASM_6.1068	1249	1254	+	11.40	CACGTG
3-CRCGYG	STREME-3	evm.TU.HIC_ASM_6.1068	2538	2543	+	11.40	CACGTG
3-CRCGYG	STREME-3	evm.TU.HIC_ASM_6.1068	2567	2572	+	11.40	CACGTG
3-CRCGYG	STREME-3	evm.TU.HIC_ASM_6.2260	2591	2596	+	11.40	CACGTG
3-CRCGYG	STREME-3	evm.TU.HIC_ASM_18.1226	2095	2100	+	11.40	CACGTG
3-CRCGYG	STREME-3	evm.TU.HIC_ASM_18.1226	2596	2601	+	11.40	CACGTG
3-CRCGYG	STREME-3	evm.TU.HIC_ASM_8.297	1372	1377	+	11.40	CACGTG
3-CRCGYG	STREME-3	evm.TU.HIC_ASM_2.876	193	198	+	11.40	CACGTG
3-CRCGYG	STREME-3	evm.TU.HIC_ASM_1.2166	1705	1710	+	11.40	CACGTG
3-CRCGYG	STREME-3	evm.TU.HIC_ASM_9.934	854	859	+	11.40	CACGTG
3-CRCGYG	STREME-3	evm.TU.HIC_ASM_9.934	2379	2384	+	11.40	CACGTG
3-CRCGYG	STREME-3	evm.TU.HIC_ASM_14.203	2729	2734	+	11.40	CACGTG
3-CRCGYG	STREME-3	evm.TU.HIC_ASM_14.203	2760	2765	+	11.40	CACGTG
3-CRCGYG	STREME-3	evm.TU.HIC_ASM_7.2597	2440	2445	+	11.40	CACGTG
3-CRCGYG	STREME-3	evm.TU.HIC_ASM_7.2597	2924	2929	+	11.40	CACGTG
3-CRCGYG	STREME-3	evm.TU.HIC_ASM_16.481	826	831	+	11.40	CACGTG
3-CRCGYG	STREME-3	evm.TU.HIC_ASM_18.1101	43	48	+	11.40	CACGTG
3-CRCGYG	STREME-3	evm.TU.HIC_ASM_15.2351	2320	2325	+	11.40	CACGTG
3-CRCGYG	STREME-3	evm.TU.HIC_ASM_18.1188	2711	2716	+	11.40	CACGTG
3-CRCGYG	STREME-3	evm.TU.HIC_ASM_1.1311	2737	2742	+	11.40	CACGTG
3-CRCGYG	STREME-3	evm.TU.HIC_ASM_6.741	194	199	+	11.40	CACGTG
3-CRCGYG	STREME-3	evm.TU.HIC_ASM_6.1275	1940	1945	+	11.40	CACGTG
3-CRCGYG	STREME-3	evm.TU.HIC_ASM_16.471	584	589	+	11.40	CACGTG
3-CRCGYG	STREME-3	evm.TU.HIC_ASM_6.2853	339	344	+	11.40	CACGTG
3-CRCGYG	STREME-3	evm.TU.HIC_ASM_6.2853	459	464	+	11.40	CACGTG
3-CRCGYG	STREME-3	evm.TU.HIC_ASM_6.2853	2123	2128	+	11.40	CACGTG
3-CRCGYG	STREME-3	evm.TU.HIC_ASM_6.2853	2309	2314	+	11.40	CACGTG
3-CRCGYG	STREME-3	evm.TU.HIC_ASM_10.747	2598	2603	+	11.40	CACGTG
3-CRCGYG	STREME-3	evm.TU.HIC_ASM_16.777_evm.TU.HIC_ASM_16.778	2160	2165	+	11.40	CACGTG
3-CRCGYG	STREME-3	evm.TU.HIC_ASM_6.2320	912	917	+	11.40	CACGTG
3-CRCGYG	STREME-3	evm.TU.HIC_ASM_6.2128	2764	2769	+	11.40	CACGTG
3-CRCGYG	STREME-3	evm.TU.HIC_ASM_8.373	1353	1358	+	11.40	CACGTG
3-CRCGYG	STREME-3	evm.TU.HIC_ASM_0.439	987	992	+	11.40	CACGTG
3-CRCGYG	STREME-3	evm.TU.ORIGINAL_494.33	2608	2613	+	11.40	CACGTG
3-CRCGYG	STREME-3	evm.TU.HIC_ASM_2.227	469	474	+	11.40	CACGTG
3-CRCGYG	STREME-3	evm.TU.HIC_ASM_4.1002	462	467	+	11.40	CACGTG
3-CRCGYG	STREME-3	evm.TU.HIC_ASM_1.1314	2871	2876	+	11.40	CACGTG
3-CRCGYG	STREME-3	evm.TU.HIC_ASM_7.590	1517	1522	+	11.40	CACGTG
3-CRCGYG	STREME-3	evm.TU.HIC_ASM_7.590	1548	1553	+	11.40	CACGTG
3-CRCGYG	STREME-3	evm.TU.HIC_ASM_7.590	1646	1651	+	11.40	CACGTG
3-CRCGYG	STREME-3	evm.TU.HIC_ASM_7.590	3166	3171	+	11.40	CACGTG
3-CRCGYG	STREME-3	evm.TU.HIC_ASM_6.2127	867	872	+	11.40	CACGTG
3-CRCGYG	STREME-3	evm.TU.HIC_ASM_13.704	1728	1733	+	11.40	CACGTG
3-CRCGYG	STREME-3	evm.TU.HIC_ASM_5.1044	1453	1458	+	11.40	CACGTG
3-CRCGYG	STREME-3	evm.TU.HIC_ASM_17.1139	2425	2430	+	11.40	CACGTG
3-CRCGYG	STREME-3	evm.TU.HIC_ASM_2.1348	1817	1822	+	11.40	CACGTG
3-CRCGYG	STREME-3	evm.TU.HIC_ASM_7.1665	2088	2093	+	11.40	CACGTG
3-CRCGYG	STREME-3	evm.TU.HIC_ASM_7.1665	2148	2153	+	11.40	CACGTG
3-CRCGYG	STREME-3	evm.TU.HIC_ASM_15.2187	1893	1898	+	11.40	CACGTG
3-CRCGYG	STREME-3	evm.TU.HIC_ASM_15.2187	2220	2225	+	11.40	CACGTG
3-CRCGYG	STREME-3	evm.TU.HIC_ASM_15.2187	2639	2644	+	11.40	CACGTG
3-CRCGYG	STREME-3	evm.TU.HIC_ASM_3.1405	429	434	+	11.40	CACGTG
3-CRCGYG	STREME-3	evm.TU.HIC_ASM_3.1405	2536	2541	+	11.40	CACGTG
3-CRCGYG	STREME-3	evm.TU.HIC_ASM_1.1060	2495	2500	+	11.40	CACGTG
3-CRCGYG	STREME-3	evm.TU.HIC_ASM_6.1067	2732	2737	+	11.40	CACGTG
3-CRCGYG	STREME-3	evm.TU.HIC_ASM_6.1067	2839	2844	+	11.40	CACGTG
3-CRCGYG	STREME-3	evm.TU.HIC_ASM_1.445	243	248	+	11.40	CACGTG
3-CRCGYG	STREME-3	evm.TU.HIC_ASM_1.445	254	259	+	11.40	CACGTG
3-CRCGYG	STREME-3	evm.TU.HIC_ASM_1.445	545	550	+	11.40	CACGTG
3-CRCGYG	STREME-3	evm.TU.HIC_ASM_16.766	477	482	+	11.40	CACGTG
3-CRCGYG	STREME-3	evm.TU.HIC_ASM_16.766	511	516	+	11.40	CACGTG
3-CRCGYG	STREME-3	evm.TU.HIC_ASM_1.1852	1425	1430	+	11.40	CACGTG
3-CRCGYG	STREME-3	evm.TU.HIC_ASM_15.1293	1686	1691	+	11.40	CACGTG
3-CRCGYG	STREME-3	evm.TU.HIC_ASM_1.2056	1745	1750	+	11.40	CACGTG
3-CRCGYG	STREME-3	evm.TU.HIC_ASM_6.771	981	986	+	11.40	CACGTG
3-CRCGYG	STREME-3	evm.TU.HIC_ASM_17.102	635	640	+	11.40	CACGTG
3-CRCGYG	STREME-3	evm.TU.HIC_ASM_9.1414	1546	1551	+	11.40	CACGTG
3-CRCGYG	STREME-3	evm.TU.HIC_ASM_10.625	2396	2401	+	11.40	CACGTG
3-CRCGYG	STREME-3	evm.TU.HIC_ASM_10.625	2459	2464	+	11.40	CACGTG
3-CRCGYG	STREME-3	evm.TU.HIC_ASM_15.456	411	416	+	11.40	CACGTG
3-CRCGYG	STREME-3	evm.TU.HIC_ASM_11.1060	2122	2127	+	11.40	CACGTG
3-CRCGYG	STREME-3	evm.TU.HIC_ASM_13.764	990	995	+	11.40	CACGTG
3-CRCGYG	STREME-3	evm.TU.HIC_ASM_17.851	1868	1873	+	11.40	CACGTG
3-CRCGYG	STREME-3	evm.TU.HIC_ASM_7.2394	2438	2443	+	11.40	CACGTG
3-CRCGYG	STREME-3	evm.TU.HIC_ASM_7.279	969	974	+	11.40	CACGTG
3-CRCGYG	STREME-3	evm.TU.HIC_ASM_7.279	1225	1230	+	11.40	CACGTG
3-CRCGYG	STREME-3	evm.TU.HIC_ASM_16.521	176	181	+	11.40	CACGTG
3-CRCGYG	STREME-3	evm.TU.HIC_ASM_10.486	260	265	+	11.40	CACGTG
3-CRCGYG	STREME-3	evm.TU.HIC_ASM_10.486	378	383	+	11.40	CACGTG
3-CRCGYG	STREME-3	evm.TU.HIC_ASM_3.1396	1770	1775	+	11.40	CACGTG
3-CRCGYG	STREME-3	evm.TU.HIC_ASM_3.133	125	130	+	11.40	CACGTG
3-CRCGYG	STREME-3	evm.TU.HIC_ASM_18.793	8	13	+	11.40	CACGTG
3-CRCGYG	STREME-3	evm.TU.HIC_ASM_17.999	2650	2655	+	11.40	CACGTG
3-CRCGYG	STREME-3	evm.TU.HIC_ASM_15.2350	2323	2328	+	11.40	CACGTG
3-CRCGYG	STREME-3	evm.TU.HIC_ASM_13.242	365	370	+	11.40	CACGTG
3-CRCGYG	STREME-3	evm.TU.HIC_ASM_13.1349	1353	1358	+	11.40	CACGTG
3-CRCGYG	STREME-3	evm.TU.HIC_ASM_13.1349	2667	2672	+	11.40	CACGTG
3-CRCGYG	STREME-3	evm.TU.HIC_ASM_2.1093	1630	1635	+	11.40	CACGTG
3-CRCGYG	STREME-3	evm.TU.HIC_ASM_7.605	1595	1600	+	11.40	CACGTG
3-CRCGYG	STREME-3	evm.TU.HIC_ASM_7.605	2013	2018	+	11.40	CACGTG
3-CRCGYG	STREME-3	evm.TU.HIC_ASM_7.1537	1953	1958	+	11.40	CACGTG
3-CRCGYG	STREME-3	evm.TU.HIC_ASM_15.1795	2323	2328	+	11.40	CACGTG
3-CRCGYG	STREME-3	evm.TU.HIC_ASM_15.1795	2330	2335	+	11.40	CACGTG
3-CRCGYG	STREME-3	evm.TU.HIC_ASM_16.903	1877	1882	+	11.40	CACGTG
3-CRCGYG	STREME-3	evm.TU.HIC_ASM_16.903	2317	2322	+	11.40	CACGTG
3-CRCGYG	STREME-3	evm.TU.HIC_ASM_16.903	2346	2351	+	11.40	CACGTG
3-CRCGYG	STREME-3	evm.TU.HIC_ASM_2.652	129	134	+	11.40	CACGTG
3-CRCGYG	STREME-3	evm.TU.HIC_ASM_10.285	2080	2085	+	11.40	CACGTG
3-CRCGYG	STREME-3	evm.TU.HIC_ASM_10.285	2159	2164	+	11.40	CACGTG
3-CRCGYG	STREME-3	evm.TU.ORIGINAL_436.1	2499	2504	+	11.40	CACGTG
3-CRCGYG	STREME-3	evm.TU.HIC_ASM_5.671	1728	1733	+	11.40	CACGTG
3-CRCGYG	STREME-3	evm.TU.HIC_ASM_5.671	2051	2056	+	11.40	CACGTG
3-CRCGYG	STREME-3	evm.TU.HIC_ASM_9.750	418	423	+	11.40	CACGTG
3-CRCGYG	STREME-3	evm.TU.HIC_ASM_9.750	2091	2096	+	11.40	CACGTG
3-CRCGYG	STREME-3	evm.TU.HIC_ASM_8.1888	2749	2754	+	11.40	CACGTG
3-CRCGYG	STREME-3	evm.TU.HIC_ASM_10.820	1980	1985	+	11.40	CACGTG
3-CRCGYG	STREME-3	evm.TU.HIC_ASM_10.820	2722	2727	+	11.40	CACGTG
3-CRCGYG	STREME-3	evm.TU.HIC_ASM_4.1743	397	402	+	11.40	CACGTG
3-CRCGYG	STREME-3	evm.TU.HIC_ASM_4.1743	2087	2092	+	11.40	CACGTG
3-CRCGYG	STREME-3	evm.TU.HIC_ASM_4.1743	2157	2162	+	11.40	CACGTG
3-CRCGYG	STREME-3	evm.TU.HIC_ASM_1.953	150	155	+	11.40	CACGTG
3-CRCGYG	STREME-3	evm.TU.HIC_ASM_1.953	223	228	+	11.40	CACGTG
3-CRCGYG	STREME-3	evm.TU.HIC_ASM_1.953	250	255	+	11.40	CACGTG
3-CRCGYG	STREME-3	evm.TU.HIC_ASM_1.953	2371	2376	+	11.40	CACGTG
3-CRCGYG	STREME-3	evm.TU.HIC_ASM_6.1042	1524	1529	+	11.40	CACGTG
3-CRCGYG	STREME-3	evm.TU.HIC_ASM_4.1134	2813	2818	+	11.40	CACGTG
3-CRCGYG	STREME-3	evm.TU.HIC_ASM_1.1999	1223	1228	+	11.40	CACGTG
3-CRCGYG	STREME-3	evm.TU.HIC_ASM_1.1999	2074	2079	+	11.40	CACGTG
3-CRCGYG	STREME-3	evm.TU.HIC_ASM_1.1999	2330	2335	+	11.40	CACGTG
3-CRCGYG	STREME-3	evm.TU.HIC_ASM_3.1483	1256	1261	+	11.40	CACGTG
3-CRCGYG	STREME-3	evm.TU.HIC_ASM_4.556	86	91	+	11.40	CACGTG
3-CRCGYG	STREME-3	evm.TU.HIC_ASM_2.1092	332	337	+	11.40	CACGTG
3-CRCGYG	STREME-3	evm.TU.HIC_ASM_2.1092	2790	2795	+	11.40	CACGTG
3-CRCGYG	STREME-3	evm.TU.HIC_ASM_10.178	1767	1772	+	11.40	CACGTG
3-CRCGYG	STREME-3	evm.TU.HIC_ASM_7.1552	2832	2837	+	11.40	CACGTG
3-CRCGYG	STREME-3	evm.TU.HIC_ASM_8.929	191	196	+	11.40	CACGTG
3-CRCGYG	STREME-3	evm.TU.HIC_ASM_15.63	1948	1953	+	11.40	CACGTG
3-CRCGYG	STREME-3	evm.TU.HIC_ASM_7.2391	680	685	+	11.40	CACGTG
3-CRCGYG	STREME-3	evm.TU.HIC_ASM_17.218	155	160	+	11.40	CACGTG
3-CRCGYG	STREME-3	evm.TU.HIC_ASM_17.218	1330	1335	+	11.40	CACGTG
3-CRCGYG	STREME-3	evm.TU.HIC_ASM_5.202	2902	2907	+	11.40	CACGTG
3-CRCGYG	STREME-3	evm.TU.HIC_ASM_5.202	3027	3032	+	11.40	CACGTG
3-CRCGYG	STREME-3	evm.TU.HIC_ASM_7.1915	181	186	+	11.40	CACGTG
3-CRCGYG	STREME-3	evm.TU.HIC_ASM_4.997	1	6	+	11.40	CACGTG
3-CRCGYG	STREME-3	evm.TU.HIC_ASM_9.71	226	231	+	11.40	CACGTG
3-CRCGYG	STREME-3	evm.TU.HIC_ASM_3.1194	324	329	+	11.40	CACGTG
3-CRCGYG	STREME-3	evm.TU.HIC_ASM_3.1194	883	888	+	11.40	CACGTG
3-CRCGYG	STREME-3	evm.TU.HIC_ASM_3.1194	1142	1147	+	11.40	CACGTG
3-CRCGYG	STREME-3	evm.TU.HIC_ASM_2.855	2812	2817	+	11.40	CACGTG
3-CRCGYG	STREME-3	evm.TU.HIC_ASM_6.3611	2608	2613	+	11.40	CACGTG
3-CRCGYG	STREME-3	evm.TU.HIC_ASM_7.2594	674	679	+	11.40	CACGTG
